video,short-term_memorability,nb_short-term_annotations,long-term_memorability,nb_long-term_annotations
7494,0.7875513434410095,33,0.6869148015975952,12
7495,0.8098708391189575,34,0.6810528039932251,10
7496,0.8366954326629639,32,0.7121136784553528,13
7497,0.8579851984977722,33,0.8112461566925049,10
7498,0.8647246360778809,33,0.8139210343360901,10
7499,0.8060460090637207,33,0.6767327189445496,13
7500,0.852378249168396,33,0.7883926630020142,10
7502,0.8593669533729553,43,0.7667974233627319,15
7503,0.8186230659484863,33,0.7019909620285034,11
7504,0.8268935084342957,33,0.7470110058784485,15
7505,0.8666764497756958,38,0.7880856990814209,10
7506,0.9026139378547668,34,0.8618488907814026,10
7507,0.8913475275039673,34,0.8251450061798096,12
7508,0.8580623269081116,33,0.7470183968544006,14
7510,0.8788205981254578,33,0.7922594547271729,11
7511,0.8910255432128906,34,0.8320626616477966,18
7513,0.811008095741272,34,0.7472673654556274,19
7515,0.9116700291633606,33,0.864648699760437,13
7516,0.9004274606704712,34,0.8270462155342102,11
7517,0.8766002058982849,33,0.7941318154335022,13
7518,0.9014093279838562,33,0.873124361038208,10
7519,0.889999270439148,32,0.8337935209274292,10
7520,0.8795662522315979,33,0.8020016551017761,14
7521,0.7785411477088928,34,0.6405554413795471,14
7522,0.781334400177002,33,0.6522022485733032,16
7523,0.8455314636230469,34,0.7655755877494812,14
7524,0.8869885206222534,50,0.8145838975906372,22
7525,0.8515446186065674,42,0.7602530717849731,10
7526,0.8658464550971985,31,0.7454953789710999,20
7527,0.8358651399612427,33,0.7081887722015381,17
7528,0.8843446969985962,32,0.7574050426483154,10
7530,0.8845598101615906,34,0.8247259855270386,11
7531,0.8241375088691711,33,0.7256225943565369,14
7532,0.8480173349380493,33,0.7520378828048706,14
7533,0.8704311847686768,34,0.8202237486839294,9
7534,0.8814904689788818,34,0.8242342472076416,10
7535,0.9044566750526428,34,0.8346222639083862,10
7536,0.9018154740333557,46,0.8399761915206909,11
7538,0.8730524778366089,34,0.7765383124351501,10
7539,0.8612203001976013,32,0.7961356043815613,10
7540,0.833232045173645,33,0.7500150799751282,10
7541,0.8345840573310852,35,0.7431469559669495,10
7542,0.778817892074585,33,0.6105402708053589,12
7543,0.8749045729637146,33,0.8092108368873596,12
7544,0.8150524497032166,34,0.7167887091636658,11
7545,0.824079692363739,33,0.7273726463317871,13
7546,0.883728563785553,34,0.817728579044342,14
7548,0.9049552083015442,38,0.8471882939338684,9
7549,0.8437858819961548,34,0.750766932964325,13
7550,0.9062644839286804,56,0.8566004037857056,21
7552,0.85968416929245,32,0.7957383990287781,16
7554,0.8784056305885315,51,0.8176565766334534,24
7555,0.8378844857215881,55,0.7022942304611206,13
7556,0.8272271156311035,33,0.7090722322463989,19
7558,0.8985244631767273,33,0.8757746815681458,16
7560,0.8744345307350159,33,0.7922850847244263,12
7562,0.8758066892623901,33,0.8205464482307434,10
7563,0.893554151058197,32,0.8517332077026367,16
7565,0.861824095249176,34,0.803694486618042,10
7566,0.8907460570335388,34,0.8338050246238708,13
7567,0.8557648658752441,32,0.7833994030952454,12
7568,0.8149321675300598,34,0.7671300172805786,13
7569,0.854721188545227,43,0.7747839689254761,10
7571,0.8989951014518738,32,0.8444123268127441,11
7572,0.8820407390594482,34,0.8441370129585266,11
7573,0.8798170685768127,37,0.7816243171691895,11
7574,0.8630297780036926,36,0.7709086537361145,12
7575,0.8391783237457275,34,0.7499732375144958,14
7576,0.8905901908874512,33,0.8370502591133118,12
7578,0.8755450248718262,47,0.8348833918571472,11
7579,0.8368419408798218,33,0.7140423655509949,15
7580,0.8690304756164551,33,0.7977228164672852,17
7581,0.8787453770637512,33,0.7944843769073486,14
7582,0.8443849086761475,34,0.7967016100883484,10
7584,0.8925277590751648,34,0.8172231912612915,10
7585,0.8851287961006165,41,0.7997108697891235,16
7587,0.8774054050445557,33,0.8142164349555969,16
7588,0.8806807398796082,76,0.8266986012458801,16
7589,0.8968865871429443,35,0.8153970837593079,11
7590,0.8184628486633301,58,0.7197038531303406,13
7591,0.8450408577919006,34,0.7024245262145996,10
7592,0.8430712819099426,33,0.7818521857261658,11
7593,0.8656200766563416,33,0.7774814963340759,15
7596,0.809772253036499,33,0.7003553509712219,12
7597,0.8714926838874817,33,0.7694385051727295,11
7598,0.8620837926864624,32,0.8355985283851624,11
7599,0.8971619009971619,32,0.8469200134277344,14
7600,0.8740456104278564,34,0.8101093769073486,9
7602,0.8772395849227905,33,0.8328045606613159,10
7603,0.850558876991272,34,0.7996857762336731,24
7604,0.8422303199768066,42,0.7846271395683289,10
7605,0.8655771613121033,39,0.8047443628311157,11
7606,0.895085871219635,34,0.816301703453064,10
7607,0.8915064930915833,33,0.7949349880218506,12
7608,0.8345840573310852,36,0.7431469559669495,12
7609,0.8744811415672302,33,0.7265748977661133,16
7610,0.8602564334869385,66,0.7875075936317444,15
7611,0.8498956561088562,33,0.8079746961593628,20
7612,0.8595966100692749,35,0.8068256378173828,16
7613,0.875545084476471,32,0.8348833918571472,10
7614,0.8743329048156738,32,0.7928315997123718,11
7615,0.8773061037063599,33,0.8345749974250793,12
7616,0.8680363893508911,33,0.7964683175086975,10
7617,0.9195617437362671,32,0.8691987991333008,18
7618,0.8800296187400818,34,0.8420411348342896,11
7619,0.8784269690513611,34,0.779833197593689,11
7621,0.865626871585846,33,0.8218799233436584,12
7624,0.7654081583023071,33,0.5985475778579712,20
7625,0.8505693078041077,34,0.7786803841590881,10
7626,0.8978369235992432,33,0.8609797954559326,12
7627,0.8780046105384827,35,0.7895376086235046,17
7628,0.8912026286125183,34,0.8494294285774231,12
7629,0.8512253761291504,70,0.754012942314148,12
7631,0.8655165433883667,33,0.7691502571105957,10
7632,0.8686277270317078,33,0.8061786890029907,15
7633,0.8891921043395996,32,0.8218934535980225,16
7634,0.8260136246681213,44,0.6948062181472778,12
7635,0.8764998912811279,33,0.7660250067710876,12
7636,0.7852311134338379,32,0.655684769153595,10
7637,0.8840047121047974,34,0.7982039451599121,15
7638,0.8564540147781372,34,0.7574053406715393,13
7640,0.8168979287147522,34,0.7291319966316223,13
7641,0.8875391483306885,34,0.8467194437980652,17
7642,0.8205801844596863,39,0.6955399513244629,10
7643,0.8253799676895142,34,0.7324820756912231,10
7644,0.90158611536026,44,0.870752215385437,9
7646,0.8891345262527466,43,0.7993168234825134,10
7647,0.8931798934936523,32,0.8402455449104309,13
7648,0.8815515041351318,44,0.7928616404533386,10
7649,0.8141511678695679,34,0.7416625022888184,11
7650,0.848806619644165,31,0.758375883102417,12
7651,0.906378448009491,33,0.8522403836250305,10
7652,0.897549033164978,33,0.8331932425498962,18
7654,0.8394851088523865,34,0.7339608669281006,9
7655,0.9059706926345825,33,0.8164829611778259,11
7656,0.8747271299362183,34,0.7485221028327942,13
7657,0.8675600290298462,46,0.8168761134147644,10
7659,0.8830718994140625,31,0.8518796563148499,11
7660,0.8436458706855774,33,0.7680225968360901,12
7661,0.8487103581428528,35,0.788565993309021,13
7662,0.8550739288330078,34,0.7866165637969971,10
7664,0.8988776206970215,32,0.8438168168067932,10
7665,0.8919617533683777,33,0.8062454462051392,10
7667,0.8703795075416565,38,0.829100489616394,12
7669,0.8437182307243347,33,0.7426385283470154,12
7670,0.7884600758552551,34,0.6069939732551575,10
7671,0.8738055229187012,33,0.8092311024665833,9
7672,0.8657673597335815,68,0.7592950463294983,15
7673,0.8820880651473999,35,0.8307933807373047,11
7674,0.8316484689712524,33,0.6843185424804688,10
7675,0.8356562256813049,38,0.7249786257743835,12
7676,0.8912500143051147,34,0.8419780731201172,17
7677,0.8656670451164246,33,0.7908567190170288,11
7678,0.8345097303390503,34,0.7253504395484924,10
7679,0.8323457837104797,33,0.7348339557647705,10
7680,0.8755337595939636,32,0.7799976468086243,13
7681,0.8616050481796265,34,0.7520226836204529,10
7682,0.8359696269035339,33,0.7235187292098999,12
7683,0.8433316349983215,36,0.69387286901474,11
7686,0.8851706385612488,33,0.8030186295509338,11
7687,0.8689159750938416,36,0.7268975377082825,13
7688,0.9103949069976807,33,0.8893277645111084,12
7689,0.9195617437362671,33,0.8691987991333008,12
7690,0.806075394153595,33,0.7099952697753906,19
7691,0.7651468515396118,32,0.6653711199760437,14
7692,0.877886176109314,34,0.8076196312904358,11
7694,0.8853169083595276,34,0.7881242632865906,12
7696,0.8859585523605347,33,0.7817489504814148,14
7697,0.8949236273765564,34,0.858869731426239,11
7698,0.8005359172821045,50,0.7133470177650452,15
7699,0.8838472962379456,34,0.8105239868164062,11
7701,0.817047119140625,90,0.7394217252731323,10
7702,0.8755536675453186,33,0.832103967666626,14
7703,0.8323830366134644,51,0.7558348178863525,12
7704,0.8453503847122192,33,0.7082985639572144,9
7705,0.8588079214096069,32,0.7718828320503235,17
7706,0.8764670491218567,33,0.8301710486412048,12
7707,0.8663108348846436,34,0.7575664520263672,11
7710,0.8338136672973633,31,0.7479569315910339,17
7711,0.8784418702125549,46,0.8339531421661377,14
7713,0.8037883639335632,33,0.7265803813934326,17
7714,0.9078790545463562,34,0.8540871143341064,12
7715,0.8987318873405457,33,0.8402367830276489,12
7716,0.8055955767631531,44,0.7038107514381409,10
7717,0.8478866219520569,32,0.787957489490509,13
7718,0.8348285555839539,33,0.7562692165374756,10
7719,0.881291925907135,33,0.8066131472587585,11
7720,0.8281400203704834,33,0.7201654314994812,13
7721,0.8607060313224792,41,0.7843016386032104,17
7722,0.8667510151863098,34,0.8038973808288574,16
7723,0.8753847479820251,33,0.8060235381126404,17
7724,0.8398634195327759,33,0.7544631958007812,10
7725,0.8078860640525818,34,0.6801536083221436,12
7726,0.8621135354042053,43,0.8017772436141968,9
7728,0.8678348660469055,34,0.7911869883537292,14
7729,0.9088473320007324,48,0.8689350485801697,11
7731,0.8981060981750488,33,0.8828675150871277,11
7732,0.8908295631408691,33,0.7949728965759277,10
7736,0.7808993458747864,33,0.719818651676178,12
7737,0.8725209832191467,33,0.7090452909469604,12
7738,0.8236206769943237,35,0.7301996946334839,9
7739,0.8652302622795105,34,0.8033016920089722,12
7740,0.9115534424781799,33,0.8615899085998535,11
7741,0.8761105537414551,31,0.8168615102767944,13
7742,0.7965801358222961,34,0.6571465730667114,9
7743,0.8778642416000366,34,0.7879477143287659,10
7745,0.7896810173988342,34,0.70378577709198,12
7746,0.9122636318206787,33,0.875791072845459,9
7748,0.8395139575004578,50,0.727366030216217,15
7749,0.9046565890312195,34,0.8712547421455383,12
7751,0.8893637657165527,33,0.791644275188446,15
7752,0.8933820128440857,33,0.8499507308006287,13
7753,0.7941787838935852,38,0.7180542349815369,10
7754,0.8290200233459473,33,0.7308506965637207,10
7756,0.895897388458252,42,0.8286417126655579,11
7757,0.8636106848716736,34,0.7803850173950195,13
7758,0.8778148889541626,37,0.8056122660636902,14
7759,0.7436961531639099,33,0.6299827694892883,13
7760,0.8686846494674683,33,0.7724717259407043,11
7761,0.8415043950080872,33,0.7532379031181335,24
7762,0.9122791886329651,34,0.8788273930549622,15
7763,0.8470461368560791,33,0.7396401166915894,10
7769,0.8355176448822021,33,0.7818379998207092,10
7770,0.8796348571777344,38,0.8233668208122253,9
7771,0.7907399535179138,30,0.6838257312774658,10
7772,0.8323830366134644,34,0.7558348178863525,15
7773,0.8757358193397522,34,0.836967408657074,11
7774,0.8283507823944092,34,0.730252742767334,10
7775,0.8118817210197449,38,0.7083110213279724,11
7777,0.9137508869171143,32,0.8520388007164001,11
7780,0.8912500143051147,41,0.8419780731201172,12
7782,0.8697293996810913,34,0.7387456893920898,19
7783,0.8783227801322937,44,0.8573746085166931,11
7784,0.7890042662620544,34,0.6767500638961792,12
7785,0.8664719462394714,33,0.7865134477615356,10
7786,0.8638250231742859,32,0.7913060188293457,9
7787,0.7814227342605591,33,0.6648670434951782,15
7788,0.8559569716453552,31,0.7979066967964172,10
7789,0.8957818150520325,34,0.8471158742904663,10
7792,0.822199285030365,34,0.6793376803398132,10
7793,0.8987562656402588,51,0.849962592124939,13
7795,0.8482450842857361,33,0.7800272703170776,12
7799,0.8739089965820312,33,0.8047892451286316,10
7800,0.8413888216018677,33,0.6997022032737732,16
7801,0.8822649717330933,40,0.8372048735618591,12
7802,0.8781861662864685,33,0.7975082397460938,10
7803,0.7984238862991333,34,0.6767728924751282,10
7804,0.9152740836143494,34,0.8911102414131165,11
7805,0.8553561568260193,32,0.7602991461753845,10
7806,0.8227189183235168,32,0.7283188104629517,11
7807,0.9108932614326477,33,0.8593199849128723,11
7808,0.7797481417655945,34,0.662146806716919,15
7809,0.8764157295227051,32,0.8085041642189026,17
7811,0.8334435820579529,35,0.6706897020339966,10
7812,0.877263605594635,52,0.7879458069801331,11
7813,0.8726784586906433,33,0.6679719686508179,14
7815,0.835624098777771,32,0.6986274123191833,14
7816,0.8768790364265442,54,0.794192910194397,12
7817,0.8492451310157776,33,0.8187006115913391,15
7818,0.8437291383743286,40,0.7215620875358582,12
7819,0.8609283566474915,32,0.8005092144012451,16
7820,0.8906276226043701,44,0.8191667199134827,15
7821,0.8476330637931824,30,0.7935422658920288,13
7822,0.8717231750488281,33,0.8183994889259338,10
7823,0.8460724949836731,33,0.7809637188911438,14
7824,0.8433392643928528,32,0.735111653804779,9
7825,0.8974143266677856,34,0.8483346700668335,14
7826,0.8790958523750305,33,0.8051093816757202,10
7828,0.8560106158256531,32,0.794438362121582,13
7830,0.8966631293296814,33,0.8001881241798401,13
7831,0.8422303199768066,32,0.7846271395683289,10
7832,0.8614522218704224,34,0.753888726234436,13
7833,0.8788205981254578,31,0.7922594547271729,14
7834,0.8531373739242554,34,0.7766616940498352,11
7835,0.8829494714736938,34,0.7951369285583496,9
7837,0.8338136672973633,33,0.7479569315910339,12
7838,0.9082000851631165,34,0.8931490778923035,10
7839,0.8167935609817505,33,0.7397111058235168,10
7840,0.879097044467926,35,0.7827062010765076,10
7841,0.8722131848335266,49,0.8140339255332947,14
7842,0.8703888058662415,34,0.7939590811729431,12
7844,0.8805874586105347,30,0.8314435482025146,14
7846,0.868201494216919,34,0.8114355206489563,9
7848,0.8187946677207947,33,0.7022985816001892,10
7849,0.8143613338470459,33,0.7209107279777527,10
7851,0.8651577234268188,32,0.7736862897872925,10
7852,0.8723818063735962,31,0.8319972157478333,10
7853,0.8635054230690002,40,0.7595615386962891,10
7854,0.89399653673172,32,0.8206265568733215,12
7856,0.8472139239311218,33,0.7706441283226013,11
7858,0.8637668490409851,55,0.8220413327217102,10
7861,0.8581941723823547,33,0.8097235560417175,16
7862,0.8821799159049988,38,0.8112514615058899,9
7863,0.8741199374198914,50,0.818863570690155,12
7865,0.8401957154273987,32,0.7843786478042603,10
7867,0.854566216468811,33,0.826790988445282,13
7868,0.8984504342079163,33,0.8423105478286743,13
7869,0.8265044689178467,33,0.7485451102256775,12
7872,0.8589677810668945,37,0.8409207463264465,10
7873,0.8791490197181702,47,0.8404557108879089,12
7874,0.9050127267837524,32,0.8392819762229919,12
7875,0.8834067583084106,33,0.8570100665092468,10
7878,0.8569772243499756,34,0.8035662174224854,10
7879,0.8749377131462097,33,0.8064619898796082,9
7880,0.8356239199638367,48,0.7019835710525513,19
7883,0.8671377897262573,34,0.7871883511543274,12
7884,0.9037284255027771,34,0.7979224324226379,11
7885,0.9073705673217773,41,0.8612954020500183,10
7886,0.8082771301269531,34,0.7030855417251587,11
7887,0.8911128044128418,34,0.846769392490387,9
7888,0.8226432800292969,33,0.765282154083252,10
7889,0.8974423408508301,34,0.83021080493927,15
7890,0.81663978099823,34,0.7065548896789551,14
7891,0.8327246904373169,34,0.7459550499916077,10
7892,0.8779001235961914,39,0.8057509064674377,12
7893,0.839881181716919,32,0.755412220954895,12
7894,0.8982557058334351,33,0.8125491738319397,15
7895,0.8260827660560608,32,0.7663315534591675,10
7896,0.874980092048645,71,0.8220353126525879,33
7897,0.8811267018318176,33,0.7974293828010559,10
7898,0.8586423993110657,35,0.79026859998703,10
7899,0.8964943885803223,33,0.8521307706832886,11
7901,0.8643917441368103,31,0.8067501187324524,28
7902,0.8447626233100891,33,0.7464818358421326,11
7903,0.8723647594451904,34,0.8387871384620667,11
7904,0.8337380886077881,33,0.7113603949546814,10
7906,0.8610744476318359,33,0.7988271117210388,11
7907,0.89399653673172,34,0.8206265568733215,15
7908,0.8509769439697266,51,0.7485977411270142,12
7909,0.9052177667617798,32,0.8511355519294739,11
7910,0.8973308801651001,34,0.829647958278656,17
7912,0.832541823387146,31,0.7222809195518494,11
7913,0.847936749458313,32,0.7622617483139038,11
7915,0.8963121771812439,34,0.8200125098228455,13
7916,0.836058497428894,33,0.7625155448913574,13
7917,0.8622559309005737,33,0.7505537867546082,11
7918,0.8741912245750427,34,0.7974584102630615,10
7919,0.8652319312095642,32,0.8373145461082458,11
7920,0.863814115524292,33,0.8211291432380676,19
7921,0.8784782290458679,34,0.8559708595275879,12
7923,0.858856201171875,33,0.7932943105697632,9
7925,0.8913755416870117,32,0.8108221888542175,14
7926,0.884738028049469,31,0.7977954745292664,12
7927,0.9084636569023132,33,0.8590017557144165,13
7928,0.868543803691864,33,0.7936767935752869,10
7929,0.7886766791343689,51,0.6599422097206116,10
7930,0.8566004037857056,33,0.7269331812858582,10
7931,0.8003411293029785,33,0.6892232894897461,12
7933,0.8682868480682373,33,0.8212839365005493,11
7935,0.8749045729637146,34,0.8092108368873596,9
7936,0.8365150690078735,32,0.7382131218910217,13
7939,0.8227095603942871,33,0.72413569688797,13
7940,0.9000396728515625,33,0.853691816329956,15
7941,0.8928778767585754,45,0.8569816946983337,12
7942,0.8811443448066711,38,0.8121640682220459,10
7944,0.7927003502845764,34,0.6137654185295105,12
7945,0.8268318772315979,46,0.6973356604576111,13
7946,0.8618451952934265,33,0.8047938942909241,15
7947,0.8133788704872131,34,0.7435430288314819,11
7948,0.8549267649650574,32,0.7662944793701172,10
7951,0.8641045689582825,32,0.7994720935821533,12
7952,0.8306759595870972,33,0.7655017971992493,11
7953,0.8447388410568237,34,0.7330690622329712,25
7954,0.9079475998878479,34,0.8338360786437988,10
7955,0.8728882670402527,33,0.8412154316902161,10
7956,0.7953702211380005,34,0.6622130870819092,13
7957,0.8879501223564148,34,0.8137722611427307,13
7958,0.917989194393158,33,0.8854238390922546,16
7959,0.7510347962379456,34,0.6506298184394836,10
7961,0.8554432988166809,34,0.7856464385986328,11
7962,0.8914103507995605,33,0.8359909057617188,19
7963,0.8869020938873291,34,0.794488787651062,12
7964,0.8434649109840393,33,0.7849527597427368,11
7967,0.8977724313735962,33,0.850810170173645,16
7969,0.8190787434577942,33,0.7181183099746704,12
7970,0.9251900911331177,82,0.9025779962539673,24
7972,0.8842939734458923,33,0.8266789317131042,10
7973,0.8336713910102844,33,0.7107260227203369,11
7975,0.7682241201400757,43,0.679370641708374,11
7976,0.8851555585861206,32,0.8229170441627502,9
7977,0.7969306111335754,51,0.7059905529022217,32
7980,0.886698842048645,47,0.8224906921386719,10
7981,0.8556879162788391,59,0.7882198691368103,12
7983,0.8489519357681274,32,0.7633466720581055,16
7984,0.8428813219070435,35,0.7072136402130127,12
7985,0.8819870352745056,34,0.8143923878669739,12
7986,0.8932133913040161,33,0.8399499654769897,15
7987,0.8295371532440186,32,0.694257378578186,18
7988,0.850614607334137,41,0.7496176362037659,14
7990,0.7808890342712402,33,0.719721794128418,11
7991,0.8882418870925903,33,0.817745566368103,10
7992,0.9019121527671814,32,0.8085891604423523,10
7993,0.805519700050354,33,0.7411107420921326,10
7994,0.8309499025344849,32,0.7963063716888428,18
7995,0.8796614408493042,30,0.8203606009483337,22
7996,0.9072389602661133,34,0.8573477864265442,12
7997,0.8258140683174133,50,0.7196348905563354,12
7998,0.8413127064704895,48,0.7653005123138428,10
7999,0.8129231929779053,34,0.7033855319023132,17
8000,0.875630795955658,34,0.8241780400276184,10
8001,0.7857823967933655,54,0.7125598788261414,15
8002,0.8425227403640747,33,0.7652866244316101,12
8004,0.877012312412262,34,0.7822098731994629,12
8008,0.8809024095535278,33,0.8219540119171143,16
8009,0.8393262624740601,33,0.675203263759613,11
8010,0.9077067971229553,33,0.85028076171875,15
8012,0.9094207286834717,39,0.8834120631217957,10
8013,0.8298518657684326,33,0.7643340826034546,16
8014,0.8163295388221741,33,0.727078378200531,10
8015,0.7682241201400757,33,0.679370641708374,18
8016,0.8752960562705994,34,0.7925765514373779,12
8018,0.8662083148956299,33,0.778755784034729,12
8019,0.8496770262718201,34,0.790813148021698,14
8021,0.8838883638381958,35,0.7995253801345825,11
8022,0.8266242146492004,34,0.7037119269371033,9
8023,0.8592460751533508,33,0.7869697213172913,15
8024,0.8779172301292419,55,0.798631489276886,16
8026,0.8776695728302002,33,0.7828162908554077,15
8027,0.8514962196350098,42,0.753955066204071,9
8028,0.8714982271194458,33,0.7991667985916138,11
8029,0.8543009161949158,32,0.7845427989959717,16
8030,0.9143856763839722,33,0.8485320210456848,11
8032,0.8859919309616089,32,0.8057341575622559,10
8033,0.8075341582298279,59,0.6860517859458923,10
8035,0.888267457485199,34,0.8272824287414551,18
8036,0.840956449508667,32,0.6933486461639404,11
8037,0.8005881309509277,59,0.7192981839179993,16
8038,0.8365387916564941,33,0.773245096206665,15
8040,0.8007766604423523,33,0.6816000938415527,18
8041,0.8775195479393005,32,0.7984987497329712,18
8042,0.883389949798584,32,0.8106853365898132,12
8043,0.843204915523529,34,0.7540046572685242,11
8044,0.8858083486557007,33,0.8018878102302551,13
8045,0.8842340111732483,32,0.82008957862854,17
8047,0.8804779052734375,32,0.7997264862060547,11
8048,0.8391783237457275,33,0.7499732375144958,18
8049,0.8447093963623047,33,0.7887277603149414,13
8050,0.9051826000213623,32,0.8544647097587585,10
8051,0.8914633989334106,33,0.8298969864845276,13
8052,0.8276610374450684,33,0.7477563619613647,11
8054,0.8200508952140808,32,0.6944206357002258,10
8056,0.828428328037262,37,0.7306003570556641,13
8057,0.8960124254226685,34,0.8466174006462097,15
8058,0.846172571182251,62,0.7013762593269348,24
8059,0.8555458188056946,33,0.7670440077781677,12
8060,0.8919708728790283,57,0.8026741147041321,17
8061,0.7806311845779419,38,0.6786625981330872,11
8062,0.8765177726745605,33,0.7860442996025085,13
8063,0.864311695098877,79,0.7823235392570496,19
8064,0.8702493906021118,33,0.7620278000831604,10
8065,0.861823558807373,33,0.7602623701095581,11
8066,0.8606833219528198,41,0.7727038264274597,12
8067,0.863788902759552,32,0.773372232913971,11
8068,0.8290473818778992,33,0.6939612030982971,10
8069,0.8660122156143188,34,0.7978185415267944,11
8071,0.8710171580314636,33,0.7898373603820801,10
8072,0.8255691528320312,55,0.7068142294883728,35
8073,0.8831272721290588,32,0.7840068936347961,13
8074,0.8912500143051147,32,0.8419780731201172,17
8075,0.7957500219345093,33,0.6723876595497131,13
8076,0.8209562301635742,52,0.7390193343162537,12
8077,0.8926792740821838,33,0.8048766255378723,10
8078,0.8646145462989807,33,0.8426148891448975,17
8079,0.8758208155632019,35,0.842909574508667,10
8080,0.9077704548835754,34,0.8205007910728455,10
8081,0.8309856057167053,32,0.7664404511451721,11
8082,0.868661105632782,34,0.8260253667831421,16
8084,0.8758561015129089,34,0.8096429109573364,14
8085,0.7913408875465393,33,0.6961131691932678,10
8086,0.869953453540802,50,0.8020735383033752,15
8087,0.8699650764465332,33,0.8154825568199158,11
8088,0.8688571453094482,33,0.752154529094696,11
8089,0.8447213768959045,33,0.7691448926925659,10
8090,0.826158344745636,32,0.7290654182434082,12
8091,0.8818879127502441,34,0.7663219571113586,12
8092,0.8437860012054443,33,0.7507669925689697,14
8095,0.8910846710205078,34,0.8094308376312256,10
8096,0.8458744287490845,32,0.7751489877700806,14
8097,0.8674724698066711,42,0.8038597106933594,13
8098,0.7871527075767517,34,0.6724274158477783,11
8100,0.8589518666267395,33,0.7528499364852905,10
8101,0.8984253406524658,97,0.8305148482322693,34
8102,0.9000930786132812,32,0.8373804688453674,10
8103,0.8617259860038757,33,0.7721773982048035,10
8104,0.8544187545776367,33,0.78105628490448,11
8105,0.888267457485199,34,0.8272824287414551,16
8108,0.9022406935691833,32,0.851021409034729,10
8109,0.8931370973587036,86,0.8505735397338867,22
8110,0.8730227947235107,33,0.7941796183586121,13
8111,0.8841175436973572,34,0.8138383626937866,13
8112,0.8350709080696106,33,0.6717397570610046,10
8113,0.8194897174835205,35,0.7424227595329285,10
8114,0.9039797186851501,32,0.8629733920097351,16
8115,0.8823712468147278,33,0.7950319051742554,11
8118,0.8754024505615234,34,0.8245895504951477,13
8120,0.8578529953956604,33,0.8052884936332703,11
8121,0.8857770562171936,32,0.8191032409667969,16
8122,0.88673996925354,34,0.8262253999710083,12
8123,0.9050062298774719,30,0.8627552390098572,9
8124,0.8177921772003174,32,0.6657853722572327,10
8126,0.8443601131439209,33,0.7428804636001587,12
8127,0.8637405037879944,33,0.7947835326194763,13
8128,0.9013559818267822,33,0.836746335029602,15
8131,0.8674309253692627,34,0.8067271709442139,11
8132,0.8775877952575684,51,0.8265951871871948,13
8134,0.8375317454338074,33,0.8016078472137451,13
8136,0.8271143436431885,35,0.7039257287979126,10
8137,0.8797051310539246,33,0.7840844392776489,15
8138,0.8691312670707703,33,0.8217359781265259,13
8140,0.8728909492492676,33,0.7925721406936646,11
8142,0.8887619376182556,33,0.8220178484916687,9
8145,0.8293423652648926,33,0.746086061000824,16
8146,0.8602995276451111,45,0.7739526629447937,17
8147,0.8776997327804565,34,0.7793102860450745,13
8149,0.8661184310913086,34,0.7894665598869324,10
8150,0.8353067636489868,34,0.7423288822174072,17
8151,0.8681021928787231,33,0.793030321598053,11
8152,0.8137773871421814,45,0.7302206158638,22
8153,0.8862091898918152,33,0.8368252515792847,10
8155,0.8910812139511108,65,0.8161069750785828,10
8156,0.8387928605079651,34,0.7138022780418396,11
8157,0.8369303345680237,31,0.728580117225647,13
8158,0.8377509713172913,33,0.7291983962059021,10
8159,0.8401890397071838,34,0.7225242853164673,11
8161,0.8384398818016052,35,0.7259883284568787,12
8162,0.8440579771995544,33,0.7778142690658569,10
8163,0.8673235774040222,32,0.7825009822845459,22
8165,0.8567025065422058,36,0.754715621471405,10
8166,0.8626893162727356,33,0.7832847237586975,11
8167,0.880526065826416,34,0.7788987159729004,10
8168,0.8472324013710022,54,0.7332366704940796,16
8169,0.8608213067054749,33,0.8356499075889587,12
8170,0.8419167995452881,33,0.7360919117927551,9
8171,0.8974426984786987,33,0.8186284899711609,9
8172,0.8970807194709778,34,0.8168653249740601,16
8174,0.8659452199935913,33,0.735185980796814,13
8175,0.8801023960113525,50,0.8290270566940308,29
8178,0.8210891485214233,33,0.7115716934204102,28
8179,0.8694482445716858,38,0.7884201407432556,14
8180,0.8701127171516418,33,0.7860193848609924,14
8181,0.852811336517334,33,0.7102019786834717,10
8182,0.8681692481040955,33,0.7631804943084717,11
8184,0.8729597330093384,34,0.8208268284797668,9
8185,0.8552917838096619,34,0.7004116177558899,10
8186,0.8697561025619507,34,0.8229653239250183,10
8187,0.8602918982505798,52,0.8145482540130615,10
8188,0.8449053168296814,34,0.7690737843513489,13
8189,0.837918221950531,33,0.7482905387878418,9
8190,0.8687596917152405,33,0.7663263082504272,12
8191,0.8898890614509583,45,0.8374167680740356,20
8192,0.8311617374420166,32,0.7295672297477722,10
8193,0.8121239542961121,53,0.7362634539604187,10
8194,0.8891345262527466,33,0.7993168234825134,16
8195,0.8591033220291138,33,0.7820561528205872,24
8196,0.8702766299247742,55,0.7817739248275757,16
8197,0.8800618648529053,43,0.7842774391174316,11
8198,0.872238039970398,33,0.8284314274787903,9
8199,0.8642026782035828,33,0.8366674780845642,11
8200,0.8509080410003662,77,0.7991237044334412,18
8201,0.8411800861358643,55,0.7681592702865601,13
8202,0.8490081429481506,34,0.8075312376022339,14
8205,0.8146838545799255,33,0.6586660146713257,11
8206,0.8756523132324219,32,0.7827004194259644,11
8207,0.8420524597167969,32,0.8096238970756531,12
8208,0.8538123965263367,37,0.7174992561340332,11
8209,0.8996099233627319,34,0.8506156206130981,16
8210,0.8433046936988831,34,0.7561546564102173,11
8211,0.8114868998527527,34,0.6690859794616699,12
8214,0.8313198685646057,32,0.7280979156494141,14
8215,0.8678077459335327,33,0.8052617907524109,13
8216,0.8954686522483826,34,0.8365437388420105,11
8217,0.8741351366043091,33,0.7696880102157593,11
8218,0.8249744176864624,33,0.7463752627372742,10
8219,0.8532453179359436,43,0.8065089583396912,10
8220,0.8905627131462097,33,0.823331356048584,14
8221,0.8818020224571228,52,0.7921274900436401,11
8222,0.8472324013710022,34,0.7332366704940796,12
8224,0.8657724857330322,34,0.7666154503822327,11
8225,0.8767049908638,33,0.8117942810058594,13
8226,0.8132690787315369,32,0.6986079812049866,13
8227,0.7601765990257263,33,0.7400131225585938,10
8228,0.8431077003479004,35,0.7490010261535645,14
8229,0.8766505718231201,34,0.813035249710083,14
8230,0.8363488912582397,33,0.736711859703064,14
8231,0.8920276165008545,34,0.8341047167778015,11
8233,0.8820407390594482,34,0.8441370129585266,11
8234,0.8705435991287231,31,0.8231568336486816,10
8235,0.8404141664505005,32,0.7429373264312744,11
8236,0.7891721725463867,35,0.7005000114440918,15
8238,0.8617313504219055,33,0.7953699231147766,12
8239,0.8258445262908936,32,0.7498749494552612,13
8240,0.9020341038703918,43,0.8473476767539978,11
8241,0.8557422757148743,50,0.7720428705215454,19
8243,0.8741939663887024,34,0.7846928238868713,13
8245,0.8907728791236877,34,0.8556862473487854,11
8246,0.8957520723342896,34,0.8256150484085083,9
8247,0.8544228076934814,31,0.7466071844100952,10
8249,0.888846218585968,33,0.7980725169181824,11
8251,0.8529882431030273,34,0.7816407680511475,9
8252,0.8511353731155396,35,0.7378600835800171,11
8253,0.8673034906387329,45,0.7552372813224792,12
8254,0.85700523853302,33,0.7914250493049622,9
8256,0.8386898040771484,33,0.8103291392326355,13
8259,0.8460942506790161,34,0.7794431447982788,9
8260,0.8730056285858154,33,0.7694948315620422,9
8261,0.8642194867134094,33,0.7712031602859497,12
8263,0.894509494304657,33,0.8472479581832886,14
8265,0.7977779507637024,33,0.6837226748466492,11
8266,0.8661474585533142,31,0.7694922089576721,13
8267,0.8753825426101685,34,0.8367840647697449,14
8268,0.8550401926040649,34,0.7969583868980408,9
8269,0.8841990828514099,42,0.8262125849723816,13
8271,0.8922431468963623,34,0.823650062084198,10
8272,0.844961941242218,37,0.8257672786712646,13
8274,0.8264198899269104,34,0.7152204513549805,13
8275,0.8844137787818909,30,0.8040890693664551,12
8276,0.8575659394264221,33,0.7558403015136719,17
8277,0.8936967849731445,33,0.8590138554573059,15
8279,0.9035192728042603,33,0.8694795370101929,13
8280,0.8647918701171875,33,0.781561017036438,11
8282,0.8844344019889832,48,0.8016676902770996,16
8283,0.7921756505966187,33,0.6845428347587585,10
8284,0.882723867893219,34,0.81634920835495,12
8286,0.8595203161239624,33,0.7801287770271301,10
8287,0.8663981556892395,42,0.8070641160011292,10
8288,0.8881458044052124,32,0.819114089012146,18
8289,0.8359749913215637,33,0.7587315440177917,13
8290,0.8638530373573303,49,0.7948508858680725,12
8291,0.8252401351928711,34,0.6897983551025391,11
8292,0.8526336550712585,34,0.7850459218025208,10
8293,0.8171582818031311,33,0.7053428888320923,13
8294,0.8704597353935242,34,0.815265953540802,18
8295,0.8611214756965637,31,0.7977426052093506,17
8296,0.8337147831916809,34,0.739465057849884,12
8297,0.9017425775527954,32,0.8504065871238708,13
8299,0.8918460011482239,33,0.820117175579071,14
8300,0.8624995946884155,33,0.7933918833732605,13
8301,0.8277592062950134,39,0.701960027217865,10
8303,0.833783745765686,33,0.7265546321868896,12
8304,0.8685309290885925,33,0.8085666298866272,13
8305,0.8962023258209229,32,0.8380805253982544,14
8306,0.9015774130821228,35,0.8294582962989807,10
8308,0.8796249032020569,33,0.8113161325454712,16
8309,0.6389320492744446,33,0.5608441829681396,10
8310,0.8271132111549377,33,0.692253053188324,12
8311,0.8303122520446777,32,0.7464996576309204,10
8313,0.8685736656188965,33,0.7693328857421875,10
8314,0.8771957159042358,33,0.7783945202827454,21
8316,0.8828963041305542,42,0.8254252076148987,11
8317,0.8690117001533508,40,0.8147278428077698,13
8318,0.8851162791252136,32,0.8168301582336426,17
8319,0.8407037258148193,33,0.7374605536460876,10
8322,0.8619807362556458,38,0.7899248003959656,14
8323,0.9010648131370544,60,0.8413379788398743,25
8324,0.8306765556335449,32,0.7454949021339417,19
8325,0.8608330488204956,33,0.7675332427024841,9
8326,0.8610351085662842,34,0.8228678703308105,9
8327,0.8422513604164124,33,0.7531442642211914,11
8328,0.8624016046524048,34,0.7438232898712158,11
8329,0.8180276155471802,34,0.6942074298858643,23
8330,0.7897899150848389,32,0.6918653845787048,12
8331,0.8637683391571045,34,0.8227132558822632,16
8333,0.8260593414306641,34,0.6976540684700012,10
8334,0.8391618728637695,33,0.708026111125946,12
8335,0.7871415615081787,33,0.6494510173797607,11
8336,0.8844525814056396,33,0.8080582618713379,10
8337,0.8328916430473328,34,0.7468611598014832,10
8338,0.8981561660766602,33,0.8370794653892517,10
8339,0.8994050621986389,34,0.8378322124481201,11
8341,0.8551871180534363,33,0.7795299887657166,11
8344,0.8884705305099487,31,0.8115484714508057,12
8345,0.8653258681297302,33,0.8317234516143799,11
8346,0.8108978867530823,34,0.6847018003463745,12
8347,0.8777427077293396,34,0.8123089671134949,9
8348,0.9195617437362671,37,0.8691987991333008,14
8349,0.7806633114814758,33,0.7194302082061768,10
8350,0.8902037739753723,41,0.8459555506706238,14
8351,0.8743204474449158,33,0.8221288323402405,13
8352,0.9124588370323181,33,0.8556129932403564,13
8353,0.8865951895713806,46,0.8013030886650085,12
8354,0.8697643876075745,34,0.8037245273590088,10
8355,0.8630178570747375,34,0.7640222907066345,11
8356,0.8328306674957275,31,0.7623090147972107,10
8357,0.8905984163284302,33,0.8459390997886658,12
8358,0.8732767105102539,31,0.7871769070625305,11
8359,0.8680213689804077,33,0.7476245164871216,11
8360,0.8936537504196167,34,0.8388919830322266,12
8361,0.8834157586097717,32,0.8199946880340576,16
8363,0.8673171997070312,33,0.7627254724502563,11
8364,0.8845104575157166,35,0.8567521572113037,16
8365,0.8440901637077332,34,0.7604709267616272,14
8366,0.87685227394104,34,0.804194986820221,12
8367,0.8639036417007446,33,0.7871140837669373,11
8368,0.8279260396957397,51,0.7687689661979675,13
8369,0.9000738263130188,32,0.872640073299408,11
8371,0.750145673751831,33,0.6626391410827637,15
8374,0.8391783237457275,34,0.7499732375144958,16
8375,0.8599646091461182,43,0.75790935754776,10
8377,0.8805018663406372,33,0.7742236256599426,14
8378,0.8655595183372498,33,0.7923360466957092,16
8379,0.8454356789588928,39,0.8065118789672852,11
8380,0.8310261368751526,33,0.7208379507064819,11
8381,0.8155503869056702,33,0.6753790974617004,9
8382,0.8657850623130798,33,0.7863211631774902,12
8383,0.8767152428627014,33,0.8016913533210754,10
8384,0.8517961502075195,32,0.7499399781227112,10
8385,0.8847120404243469,33,0.8137356638908386,10
8386,0.8809230923652649,36,0.7880356311798096,10
8387,0.8366172313690186,34,0.7065895199775696,12
8389,0.89399653673172,31,0.8206265568733215,11
8390,0.8773931264877319,33,0.8266762495040894,28
8394,0.8470751643180847,34,0.8090072870254517,19
8395,0.9092851281166077,45,0.8617423176765442,22
8396,0.9061861038208008,31,0.8236138820648193,9
8397,0.8642792701721191,45,0.8046513795852661,10
8398,0.9086789488792419,52,0.8625866174697876,10
8399,0.8834015727043152,37,0.8274101614952087,11
8400,0.9122372269630432,34,0.8516550660133362,10
8401,0.8518589735031128,33,0.7784475684165955,11
8402,0.8796614408493042,33,0.8203606009483337,15
8403,0.8592454791069031,33,0.7381740212440491,13
8405,0.813931941986084,34,0.6918178200721741,11
8406,0.8994632363319397,46,0.8696287274360657,10
8407,0.874763548374176,33,0.8222501277923584,10
8409,0.7815701365470886,49,0.7158654928207397,13
8410,0.8647969961166382,43,0.7749993205070496,11
8414,0.8845373392105103,33,0.80574631690979,13
8415,0.893623948097229,31,0.8447476625442505,9
8420,0.8628151416778564,32,0.8098889589309692,10
8421,0.8362520933151245,33,0.7704828381538391,12
8422,0.8817198872566223,39,0.8234766125679016,11
8423,0.8718630075454712,34,0.833436131477356,12
8425,0.8723815083503723,34,0.7745640873908997,10
8426,0.7807084918022156,32,0.7013542056083679,11
8427,0.8506569266319275,33,0.719138503074646,19
8428,0.8591232895851135,34,0.7955116033554077,17
8429,0.8448992967605591,33,0.8121047019958496,14
8430,0.8817857503890991,32,0.8265286684036255,13
8433,0.8657852411270142,33,0.8083376288414001,11
8434,0.9165005087852478,33,0.8731160163879395,9
8435,0.8678221106529236,33,0.7904572486877441,12
8436,0.8560391068458557,91,0.7842332124710083,21
8437,0.8429708480834961,47,0.7634671330451965,20
8438,0.8118817210197449,32,0.7083110213279724,11
8439,0.8759307861328125,34,0.791340708732605,10
8441,0.8565695881843567,34,0.7801751494407654,13
8442,0.8716483116149902,35,0.8293605446815491,18
8443,0.8862285614013672,34,0.8010631799697876,12
8444,0.8847870230674744,34,0.7955660820007324,10
8446,0.8809946179389954,36,0.8084753751754761,11
8447,0.8637193441390991,33,0.7646239399909973,11
8448,0.8349754810333252,34,0.702386200428009,14
8449,0.8630058765411377,33,0.8300938606262207,10
8451,0.9077739119529724,51,0.8869948387145996,11
8452,0.8167294859886169,32,0.6881989240646362,10
8453,0.9021178483963013,34,0.8565388321876526,11
8454,0.8583559393882751,33,0.7889816164970398,13
8455,0.8902692198753357,32,0.8395240306854248,11
8456,0.8516975045204163,32,0.756475567817688,14
8458,0.9143168926239014,33,0.8723435997962952,9
8459,0.8269292116165161,34,0.7350791096687317,9
8461,0.8545131683349609,32,0.7327786087989807,11
8464,0.9051713943481445,34,0.8352073431015015,10
8465,0.9053016901016235,33,0.8705920577049255,11
8466,0.8602031469345093,34,0.7696710824966431,10
8468,0.8456875085830688,34,0.7561795711517334,11
8470,0.8460360169410706,34,0.7446292638778687,16
8471,0.8849675059318542,33,0.8177969455718994,12
8472,0.8497662544250488,33,0.7600244283676147,10
8473,0.8671134114265442,33,0.8195196390151978,13
8474,0.7692511081695557,33,0.633456289768219,14
8475,0.8639583587646484,34,0.8388287425041199,10
8476,0.8787730932235718,33,0.8256670236587524,10
8477,0.8444663882255554,34,0.7618908286094666,11
8478,0.8338398933410645,71,0.763195812702179,22
8479,0.782535195350647,35,0.6635206937789917,12
8480,0.8294752240180969,40,0.6932097673416138,10
8481,0.8587268590927124,34,0.7568479180335999,20
8482,0.8443600535392761,33,0.7797294855117798,27
8485,0.8648721575737,51,0.7719783782958984,11
8487,0.8754211664199829,83,0.8215268850326538,22
8488,0.8504800796508789,47,0.8067335486412048,18
8489,0.8624072074890137,34,0.7792820334434509,12
8491,0.8648315072059631,34,0.809897243976593,11
8492,0.8674724698066711,33,0.8038597106933594,11
8493,0.8774421215057373,33,0.8200440406799316,15
8494,0.8899194598197937,33,0.8386211395263672,12
8495,0.8081595301628113,34,0.7190220952033997,14
8496,0.9161841869354248,33,0.861090898513794,9
8497,0.8619719743728638,34,0.7771658301353455,23
8498,0.8695111274719238,32,0.8303633332252502,15
8499,0.8638160824775696,32,0.7778894901275635,12
8500,0.7185806632041931,34,0.6692144870758057,11
8503,0.8829067349433899,49,0.8031586408615112,18
8504,0.7607669830322266,32,0.6633920073509216,14
8505,0.8051820397377014,34,0.747125506401062,12
8506,0.8430830240249634,35,0.7404739260673523,12
8507,0.8265364170074463,34,0.7061232924461365,10
8508,0.8944406509399414,34,0.8259515762329102,14
8509,0.7873017191886902,31,0.7289886474609375,15
8510,0.8645181655883789,33,0.7335978150367737,14
8512,0.8808818459510803,34,0.8293381929397583,13
8513,0.8032389879226685,33,0.6890005469322205,13
8514,0.8992475271224976,32,0.8497388958930969,10
8515,0.8589261770248413,33,0.7824019193649292,13
8516,0.8352205157279968,32,0.7531628012657166,13
8517,0.7957537174224854,50,0.7363629341125488,10
8518,0.8833896517753601,32,0.8378698229789734,10
8520,0.8872642517089844,33,0.8262321949005127,14
8521,0.846495509147644,33,0.7716843485832214,17
8522,0.7767093181610107,33,0.5985718369483948,11
8525,0.889319896697998,33,0.8368520140647888,15
8526,0.8761895298957825,32,0.8288457989692688,11
8529,0.868229329586029,37,0.821815013885498,9
8530,0.9109213352203369,33,0.8362860679626465,20
8531,0.8673223257064819,32,0.7758244872093201,19
8532,0.9047719836235046,32,0.8421893119812012,11
8535,0.8714293241500854,36,0.7766373753547668,12
8538,0.8764899969100952,33,0.7970170378684998,14
8542,0.8523751497268677,55,0.715021014213562,12
8543,0.8792359232902527,32,0.819355845451355,20
8544,0.8682584762573242,34,0.7946057319641113,10
8545,0.8124887347221375,33,0.7062347531318665,10
8546,0.7609792351722717,34,0.6248616576194763,9
8547,0.8757978081703186,33,0.7709850668907166,10
8549,0.8970223069190979,33,0.8620426654815674,11
8550,0.8803005218505859,32,0.7907413244247437,12
8551,0.8627778887748718,34,0.8116987347602844,13
8552,0.9115543365478516,33,0.8735669851303101,11
8553,0.8163369297981262,34,0.729642391204834,10
8554,0.8836286067962646,34,0.7836450338363647,11
8556,0.9248278737068176,35,0.8856258988380432,10
8557,0.9201377630233765,34,0.8895365595817566,13
8558,0.8246359825134277,33,0.7045515775680542,10
8560,0.8126993775367737,32,0.6962692141532898,11
8561,0.8676905035972595,55,0.7658096551895142,14
8562,0.9079881906509399,33,0.8353626132011414,12
8563,0.8235083818435669,33,0.7602256536483765,12
8565,0.7856276035308838,33,0.6368173956871033,12
8566,0.8732002973556519,50,0.8005551099777222,19
8568,0.8301406502723694,34,0.7080751657485962,12
8572,0.8627778887748718,32,0.8116987347602844,16
8573,0.8408281803131104,32,0.7981250286102295,10
8575,0.8808366060256958,33,0.8166011571884155,9
8576,0.8904838562011719,49,0.794182538986206,12
8577,0.8481903076171875,34,0.7570897340774536,9
8578,0.899807870388031,31,0.8326923847198486,14
8579,0.8466238379478455,33,0.7547281980514526,14
8580,0.8729071617126465,33,0.8031491637229919,11
8581,0.7704697251319885,35,0.6332753896713257,10
8582,0.9044707417488098,33,0.8569220900535583,10
8583,0.8181934952735901,34,0.7391674518585205,11
8584,0.8593262434005737,33,0.7628724575042725,10
8585,0.8322632908821106,34,0.7001597285270691,12
8586,0.9031349420547485,33,0.8423789739608765,12
8587,0.8516327142715454,33,0.8059024810791016,15
8588,0.8893927931785583,34,0.8450973629951477,10
8590,0.8490828275680542,33,0.773331344127655,11
8591,0.8433316349983215,33,0.69387286901474,11
8592,0.8574718832969666,34,0.7792457938194275,15
8593,0.8932688236236572,32,0.806003987789154,10
8594,0.8625439405441284,34,0.7734916806221008,14
8595,0.8966599702835083,33,0.8282833695411682,12
8596,0.8673027753829956,88,0.8074880838394165,39
8597,0.8317232131958008,32,0.7653308510780334,12
8598,0.8375945091247559,37,0.7694844603538513,10
8600,0.8626682162284851,41,0.7614395022392273,15
8601,0.8457936644554138,57,0.7591499090194702,10
8602,0.8089496493339539,37,0.6829025745391846,10
8603,0.8284041881561279,43,0.7231819033622742,11
8604,0.8001141548156738,31,0.7165917754173279,10
8605,0.8483738899230957,35,0.7183387875556946,11
8606,0.865434467792511,43,0.7810165882110596,15
8607,0.8749299645423889,32,0.7469914555549622,10
8609,0.9054253101348877,37,0.8362568020820618,10
8611,0.8190651535987854,33,0.7196237444877625,12
8613,0.8386712670326233,34,0.7692610621452332,12
8614,0.8963825702667236,48,0.8320909142494202,27
8615,0.9003455638885498,33,0.8520898222923279,13
8616,0.806227445602417,33,0.7280822992324829,9
8618,0.8422850966453552,33,0.7376970052719116,12
8619,0.8176469206809998,34,0.7745563387870789,9
8621,0.8263787031173706,56,0.7558549046516418,9
8622,0.8921539783477783,31,0.851603627204895,12
8623,0.807208776473999,36,0.6622924208641052,11
8624,0.8771136403083801,34,0.8069874048233032,14
8625,0.9180399775505066,86,0.8790775537490845,18
8628,0.8107079863548279,33,0.7334319353103638,13
8629,0.9026815891265869,31,0.8514575362205505,10
8630,0.8256130218505859,33,0.7676836252212524,11
8631,0.8755337595939636,85,0.7799976468086243,18
8632,0.8618993759155273,33,0.7498714923858643,12
8633,0.8613399863243103,34,0.7851239442825317,11
8635,0.8976724147796631,33,0.7877132296562195,14
8636,0.8989951014518738,33,0.8444123268127441,12
8637,0.8773139715194702,33,0.8193833827972412,11
8638,0.8415194749832153,32,0.7727533578872681,9
8640,0.8064671754837036,34,0.7046542167663574,16
8641,0.891363799571991,33,0.8649145364761353,11
8642,0.8391783237457275,34,0.7499732375144958,11
8643,0.7687633633613586,33,0.6684600710868835,14
8644,0.8504641652107239,33,0.8066954612731934,12
8646,0.8835964202880859,32,0.8224809169769287,10
8647,0.8572911620140076,34,0.7739264965057373,10
8648,0.8750991821289062,33,0.7607707381248474,12
8649,0.8650040030479431,35,0.780299723148346,10
8650,0.8619914650917053,32,0.8000451922416687,16
8652,0.8845549821853638,65,0.808495819568634,12
8653,0.8673521280288696,38,0.8265456557273865,10
8654,0.8445641398429871,32,0.7319614887237549,13
8655,0.7927173376083374,34,0.7336142659187317,10
8657,0.8204947710037231,57,0.7249667644500732,17
8658,0.851772665977478,37,0.7749794125556946,13
8659,0.8660109639167786,33,0.7768080234527588,11
8660,0.867002546787262,55,0.7542626857757568,10
8661,0.859153151512146,33,0.8158721327781677,10
8663,0.788162112236023,32,0.6323734521865845,12
8664,0.8163264393806458,33,0.7493105530738831,10
8665,0.8097160458564758,34,0.7160373330116272,15
8667,0.8391783237457275,32,0.7499732375144958,11
8668,0.8810280561447144,33,0.825682520866394,10
8669,0.8040095567703247,32,0.684917688369751,12
8670,0.8845115900039673,33,0.8300641179084778,12
8671,0.8802004456520081,33,0.8376879692077637,13
8672,0.8407503962516785,34,0.756528913974762,10
8673,0.8247112035751343,34,0.6783663034439087,11
8674,0.8551871180534363,48,0.7795299887657166,17
8676,0.8159568309783936,33,0.6605218052864075,20
8677,0.8447365164756775,51,0.7906542420387268,9
8678,0.8740799427032471,33,0.7716150879859924,14
8679,0.874804675579071,34,0.8132983446121216,13
8680,0.8187002539634705,34,0.7274156212806702,14
8683,0.8633478283882141,39,0.8098734021186829,16
8684,0.8913755416870117,33,0.8108221888542175,12
8685,0.8782033324241638,34,0.7818698883056641,13
8687,0.8377228379249573,34,0.733927309513092,14
8689,0.8614522218704224,34,0.753888726234436,10
8691,0.855974018573761,32,0.7609845399856567,11
8692,0.8215611577033997,33,0.7009099125862122,23
8693,0.8319014310836792,33,0.7079871892929077,12
8694,0.8669679164886475,34,0.8263229727745056,18
8695,0.8616014719009399,48,0.781390905380249,14
8696,0.8688571453094482,39,0.752154529094696,10
8698,0.9027098417282104,33,0.8217020034790039,10
8700,0.9051071405410767,33,0.8360006809234619,16
8701,0.901518702507019,48,0.8465830683708191,14
8702,0.8848060369491577,33,0.8303083777427673,11
8704,0.8415194749832153,36,0.7727533578872681,9
8705,0.8497192859649658,33,0.8214278221130371,11
8708,0.9062644839286804,32,0.8566004037857056,11
8709,0.8526721000671387,34,0.7507550120353699,10
8710,0.8337380886077881,64,0.7113603949546814,34
8711,0.8718313574790955,33,0.8317715525627136,9
8713,0.7905017137527466,64,0.7099756002426147,11
8714,0.8415194749832153,32,0.7727533578872681,9
8717,0.7916212677955627,33,0.6411232352256775,19
8718,0.8565155267715454,34,0.8434140682220459,9
8719,0.8373779654502869,34,0.7203652262687683,14
8720,0.8511644005775452,35,0.7769734859466553,12
8722,0.8371438384056091,33,0.7394558787345886,10
8723,0.8410682678222656,33,0.7450515031814575,14
8724,0.8022356033325195,32,0.6726504564285278,15
8725,0.8922099471092224,33,0.8626853823661804,13
8726,0.8596277832984924,33,0.7449619770050049,15
8727,0.8860825300216675,50,0.8446516394615173,13
8729,0.8544462323188782,48,0.7766401171684265,14
8730,0.9085587859153748,45,0.8731151223182678,10
8731,0.8518760204315186,34,0.8167781233787537,10
8732,0.8334084153175354,34,0.7940176129341125,11
8733,0.8121046423912048,35,0.7421801090240479,10
8734,0.8348285555839539,41,0.7562692165374756,10
8735,0.8887952566146851,33,0.8321304321289062,13
8736,0.8682348132133484,34,0.7475595474243164,13
8738,0.8972880840301514,34,0.8594922423362732,11
8739,0.8865000605583191,33,0.8302267789840698,13
8740,0.9046565890312195,31,0.8712547421455383,10
8741,0.8301138281822205,33,0.754351794719696,17
8742,0.8993114233016968,34,0.8384698033332825,15
8743,0.9016808867454529,33,0.844447135925293,11
8744,0.8911876082420349,35,0.8735660910606384,12
8746,0.8679795861244202,33,0.7848982810974121,10
8748,0.858289361000061,43,0.771279513835907,10
8749,0.9144101738929749,33,0.8567819595336914,14
8750,0.8736576437950134,34,0.7741612195968628,11
8751,0.7969187498092651,34,0.6954857110977173,10
8752,0.8418063521385193,34,0.750387966632843,10
8753,0.873324990272522,34,0.8101206421852112,10
8754,0.8697888255119324,33,0.8276879787445068,12
8755,0.8824520111083984,88,0.8400294780731201,39
8756,0.8725495934486389,32,0.792323887348175,10
8757,0.8364278078079224,33,0.7649470567703247,12
8758,0.8576139211654663,33,0.7958898544311523,14
8759,0.8853106498718262,32,0.8532620072364807,9
8760,0.8493539094924927,33,0.74522864818573,12
8762,0.8843810558319092,31,0.8740033507347107,10
8763,0.7711771130561829,33,0.6124086380004883,15
8764,0.8697561025619507,34,0.8229653239250183,14
8765,0.8779368996620178,34,0.7863587737083435,15
8766,0.8551871180534363,32,0.7795299887657166,10
8768,0.8250368237495422,33,0.7591323852539062,13
8770,0.8675708174705505,32,0.823531985282898,16
8771,0.8908883333206177,40,0.8559163212776184,11
8772,0.8659452199935913,33,0.735185980796814,14
8774,0.8313872814178467,49,0.7161848545074463,14
8775,0.7929450869560242,32,0.6869831085205078,12
8776,0.8796756267547607,33,0.8158512711524963,11
8778,0.8604505658149719,34,0.7387077808380127,10
8779,0.857692301273346,36,0.7865323424339294,12
8780,0.8131311535835266,32,0.716032087802887,10
8781,0.8504613637924194,56,0.7607235908508301,13
8782,0.8844503164291382,32,0.8078669905662537,12
8783,0.806452214717865,33,0.7613075971603394,11
8784,0.8587267398834229,34,0.756248950958252,16
8785,0.8741182088851929,33,0.8097727298736572,13
8786,0.8445366024971008,35,0.8049802184104919,12
8788,0.8727863430976868,32,0.8102912902832031,16
8789,0.8370288014411926,32,0.7417397499084473,12
8790,0.8605198264122009,34,0.7984000444412231,11
8791,0.8629265427589417,31,0.7599216103553772,14
8792,0.8157597184181213,33,0.7058718800544739,14
8794,0.86487877368927,33,0.7549834847450256,11
8795,0.8516198396682739,41,0.775142252445221,10
8796,0.8171582818031311,32,0.7053428888320923,11
8797,0.8971759676933289,57,0.8483032584190369,10
8799,0.8690689206123352,34,0.7168840169906616,9
8800,0.890508770942688,34,0.8153131008148193,10
8802,0.8510816693305969,33,0.7739966511726379,10
8803,0.878885805606842,32,0.8591732978820801,12
8804,0.8335331678390503,33,0.7553889751434326,19
8805,0.8862743377685547,32,0.8300434350967407,21
8806,0.904677152633667,33,0.8430512547492981,20
8807,0.8560869097709656,33,0.7702685594558716,9
8808,0.8689400553703308,34,0.8035768866539001,15
8810,0.8207669854164124,38,0.7002218961715698,10
8811,0.7965801358222961,33,0.6571465730667114,16
8813,0.834696352481842,33,0.7823068499565125,12
8814,0.8845598101615906,34,0.8247259855270386,11
8815,0.8975534439086914,32,0.8587439060211182,10
8816,0.8753197193145752,34,0.8296147584915161,14
8817,0.8492451310157776,33,0.8187006115913391,10
8818,0.8038663864135742,32,0.7338569760322571,12
8819,0.8916528224945068,34,0.7956624627113342,19
8820,0.90268874168396,34,0.83614182472229,10
8821,0.8598915934562683,33,0.7400841116905212,10
8822,0.8131436705589294,32,0.7231534719467163,13
8825,0.8460344076156616,34,0.7887599468231201,11
8826,0.8709010481834412,72,0.8457246422767639,28
8827,0.8624517917633057,33,0.7699192762374878,11
8828,0.8676581978797913,33,0.7813740372657776,14
8829,0.8627045750617981,95,0.788266122341156,12
8830,0.836575448513031,34,0.7375998497009277,15
8833,0.8125357627868652,57,0.7083178758621216,13
8834,0.9051461219787598,34,0.8303899168968201,14
8835,0.8152977228164673,33,0.6887739300727844,11
8837,0.8639036417007446,47,0.7871140837669373,11
8838,0.7365579009056091,35,0.6862891316413879,15
8840,0.8524956107139587,33,0.7388103604316711,13
8842,0.8480495810508728,33,0.7777997851371765,10
8843,0.8838545680046082,56,0.8611522316932678,25
8845,0.8800011873245239,34,0.8234244585037231,14
8846,0.8357651233673096,34,0.7574246525764465,17
8849,0.8542958498001099,33,0.7934183478355408,10
8851,0.8696563839912415,32,0.7947499752044678,9
8852,0.8447562456130981,34,0.7654549479484558,11
8853,0.8694053292274475,34,0.7518398761749268,11
8855,0.8382712602615356,32,0.700994610786438,11
8856,0.8333957195281982,32,0.7597754597663879,10
8858,0.8941687345504761,33,0.8040803670883179,10
8859,0.8639708757400513,32,0.745660662651062,12
8860,0.8209861516952515,33,0.6587226986885071,12
8861,0.770865797996521,34,0.6429363489151001,12
8862,0.8624871969223022,33,0.8285694718360901,13
8863,0.8561992049217224,35,0.7903653979301453,12
8865,0.8456394672393799,32,0.7593441009521484,18
8866,0.8463062047958374,33,0.7225086092948914,10
8868,0.8716570734977722,34,0.7990400195121765,10
8869,0.8802701234817505,37,0.8234909176826477,10
8870,0.8973869681358337,32,0.8514060974121094,12
8871,0.8988776206970215,32,0.8438168168067932,12
8872,0.8959982395172119,34,0.8347985148429871,13
8873,0.8421264886856079,34,0.7468125820159912,10
8874,0.8406092524528503,34,0.6969048380851746,12
8875,0.7736949920654297,36,0.6564215421676636,16
8876,0.8807536959648132,33,0.8528427481651306,15
8877,0.846625030040741,34,0.7283070087432861,10
8878,0.8470549583435059,34,0.7688378095626831,13
8879,0.7854501605033875,45,0.669048547744751,14
8881,0.8809946179389954,33,0.8084753751754761,11
8883,0.8593058586120605,33,0.7895472049713135,16
8885,0.8994142413139343,33,0.8241551518440247,9
8887,0.8211917281150818,34,0.7437263131141663,11
8888,0.907162606716156,35,0.8623002767562866,9
8889,0.8309568762779236,33,0.7181721329689026,10
8890,0.8248777389526367,53,0.7546764016151428,16
8891,0.8317021727561951,33,0.768401026725769,11
8892,0.8872642517089844,31,0.8262321949005127,12
8893,0.8587742447853088,33,0.7511705756187439,10
8894,0.7930266857147217,33,0.6899834275245667,12
8895,0.8366044759750366,34,0.7511606812477112,10
8896,0.8701375722885132,33,0.8161713480949402,13
8897,0.8938075304031372,33,0.8291530609130859,14
8900,0.9035032987594604,34,0.8614407181739807,17
8902,0.8981555700302124,33,0.8202596306800842,12
8903,0.7981135845184326,33,0.6372313499450684,16
8904,0.869515597820282,48,0.7994571328163147,16
8905,0.8868957161903381,33,0.8492123484611511,16
8906,0.8237013220787048,31,0.6907792091369629,12
8907,0.8469631671905518,33,0.7490086555480957,11
8909,0.8454025387763977,34,0.7480335831642151,15
8910,0.8640867471694946,31,0.7914474010467529,16
8911,0.8404821157455444,55,0.7642259001731873,16
8912,0.8235335946083069,32,0.7013719081878662,9
8913,0.8181728720664978,67,0.7253425121307373,23
8914,0.8276697993278503,34,0.7517825961112976,11
8915,0.892907977104187,34,0.8304959535598755,13
8916,0.8923277258872986,34,0.7992470860481262,13
8918,0.8684237599372864,56,0.8509609699249268,16
8920,0.8425156474113464,32,0.7434037327766418,14
8923,0.8525884747505188,33,0.7722851634025574,12
8924,0.8668427467346191,33,0.7766278982162476,15
8926,0.8564115762710571,32,0.7550147771835327,13
8928,0.8380986452102661,33,0.7610552310943604,12
8929,0.800493061542511,34,0.7582685947418213,10
8930,0.889412522315979,33,0.8267113566398621,12
8931,0.867002546787262,33,0.7542626857757568,9
8932,0.8704885840415955,34,0.8071426153182983,9
8933,0.901344895362854,33,0.8391804695129395,11
8934,0.8545156717300415,33,0.7044379115104675,14
8935,0.8839166164398193,33,0.837972104549408,11
8937,0.811757504940033,34,0.723518431186676,10
8938,0.8800183534622192,42,0.7867220640182495,10
8940,0.8720905184745789,30,0.8008002042770386,13
8942,0.862579345703125,33,0.7478833198547363,11
8944,0.8627534508705139,33,0.8105107545852661,13
8945,0.8914321064949036,33,0.8110761046409607,15
8946,0.8548318147659302,34,0.7807401418685913,18
8948,0.8757862448692322,33,0.8186174035072327,16
8949,0.8531025648117065,35,0.8146460056304932,11
8950,0.8949300646781921,34,0.8601265549659729,10
8952,0.862525463104248,35,0.7325124740600586,10
8953,0.85252845287323,33,0.772173285484314,12
8954,0.8273553252220154,35,0.7283311486244202,18
8955,0.8659014105796814,34,0.7719429135322571,12
8956,0.8019113540649414,33,0.6313146352767944,11
8957,0.8629385232925415,34,0.7561185359954834,13
8959,0.8652902841567993,31,0.7905556559562683,20
8960,0.799025297164917,45,0.6963980793952942,14
8961,0.8581345677375793,34,0.8093180060386658,10
8962,0.8663870692253113,33,0.8141383528709412,11
8963,0.881704568862915,34,0.8375633955001831,13
8964,0.7982026934623718,33,0.7037478685379028,10
8965,0.8717070817947388,33,0.7993117570877075,12
8967,0.8679932355880737,32,0.7478032112121582,12
8968,0.8705570697784424,32,0.8154969811439514,10
8969,0.8225717544555664,33,0.7555389404296875,13
8970,0.8544736504554749,32,0.7785833477973938,14
8972,0.8767998218536377,31,0.8169319033622742,14
8973,0.8682260513305664,34,0.8120124340057373,10
8974,0.8528732657432556,35,0.7315996289253235,11
8976,0.8613964915275574,33,0.8014532327651978,20
8977,0.794206440448761,35,0.6623853445053101,11
8978,0.7687445282936096,33,0.6761192083358765,12
8979,0.8032169342041016,38,0.6112375259399414,11
8980,0.8289364576339722,32,0.7313103079795837,15
8981,0.8158860802650452,33,0.6780308485031128,22
8983,0.8678241968154907,34,0.8026934266090393,12
8984,0.8364831209182739,33,0.7238268852233887,17
8985,0.8533385396003723,31,0.7327063679695129,10
8986,0.8978369235992432,37,0.8609797954559326,10
8987,0.903261125087738,55,0.8430224061012268,16
8988,0.8192053437232971,33,0.7373996376991272,14
8989,0.8674250841140747,33,0.8066322207450867,10
8990,0.8611345887184143,47,0.8403918147087097,11
8992,0.8353679776191711,33,0.7508273720741272,11
8994,0.8392454385757446,34,0.7413296103477478,11
8995,0.8994142413139343,33,0.8241551518440247,10
8997,0.8645163774490356,32,0.7285723686218262,12
8998,0.8497629761695862,34,0.7849357724189758,13
8999,0.8470492362976074,34,0.7017930746078491,9
9000,0.8946995139122009,55,0.8245299458503723,11
9001,0.9069699048995972,34,0.8239455819129944,22
9003,0.8879274725914001,33,0.8482309579849243,13
9004,0.8661726713180542,32,0.740846574306488,10
9005,0.8082598447799683,34,0.7376493811607361,9
9006,0.9016254544258118,50,0.8343274593353271,17
9007,0.815887987613678,33,0.7449583411216736,10
9008,0.8818516135215759,32,0.8003570437431335,11
9009,0.8799704909324646,34,0.7790976166725159,10
9010,0.8664575815200806,31,0.8206506371498108,10
9011,0.8968714475631714,37,0.811032235622406,14
9012,0.8970288038253784,31,0.8322740793228149,23
9013,0.8864986896514893,33,0.8242059946060181,13
9014,0.8602918982505798,34,0.8145482540130615,14
9016,0.8240393996238708,33,0.7226808071136475,18
9017,0.8845068216323853,34,0.7960397005081177,23
9018,0.8470726609230042,33,0.7757563591003418,14
9020,0.9009867906570435,39,0.8435695767402649,14
9022,0.8465250730514526,32,0.8023634552955627,9
9025,0.8808818459510803,34,0.8293381929397583,10
9026,0.8730486631393433,33,0.7908028960227966,11
9027,0.8976689577102661,32,0.8363018035888672,15
9028,0.8587059378623962,65,0.780549943447113,14
9031,0.833919882774353,34,0.724025547504425,10
9032,0.8382536768913269,34,0.7682187557220459,24
9033,0.8800695538520813,47,0.7857344746589661,10
9034,0.8811737298965454,88,0.8019720911979675,15
9035,0.8058410882949829,33,0.6641114354133606,28
9037,0.870476245880127,38,0.8567422032356262,14
9038,0.8396509289741516,34,0.7606338858604431,12
9039,0.8906102180480957,34,0.8488823771476746,13
9041,0.866902232170105,34,0.7899568676948547,10
9042,0.8569607734680176,37,0.7380343079566956,11
9044,0.9102730751037598,36,0.8861196637153625,12
9045,0.8591791987419128,32,0.8009545207023621,10
9047,0.871436595916748,44,0.7957367897033691,10
9048,0.8914943337440491,33,0.8331558704376221,12
9050,0.8484860062599182,59,0.7789594531059265,17
9052,0.8665523529052734,34,0.7971909046173096,15
9053,0.8871120810508728,33,0.8333864808082581,11
9055,0.8532916903495789,33,0.7333797812461853,9
9056,0.8779625296592712,30,0.8065281510353088,11
9057,0.9112986326217651,33,0.8735470771789551,15
9058,0.8644558787345886,33,0.7378736138343811,10
9059,0.8602986931800842,32,0.7825018167495728,10
9060,0.816011369228363,34,0.7159897685050964,10
9061,0.874147355556488,33,0.7680415511131287,9
9063,0.9183058142662048,74,0.8676750063896179,25
9064,0.9140146374702454,33,0.8414167761802673,12
9065,0.8224242925643921,33,0.7283197641372681,11
9066,0.8934043645858765,34,0.8374788761138916,9
9067,0.8320314884185791,43,0.725784182548523,10
9068,0.8766010999679565,70,0.8020843267440796,24
9069,0.869856059551239,34,0.774888277053833,13
9070,0.8618556261062622,34,0.7790170311927795,10
9071,0.8089143633842468,31,0.6963512301445007,19
9072,0.896686315536499,32,0.8129560947418213,11
9073,0.8553882837295532,34,0.7644128203392029,17
9074,0.8697561025619507,55,0.8229653239250183,10
9075,0.8577414155006409,48,0.7913743853569031,23
9076,0.8036227226257324,32,0.7333585619926453,10
9078,0.8415867686271667,34,0.8002800345420837,11
9079,0.8839959502220154,44,0.825198233127594,11
9082,0.7906529307365417,32,0.651447057723999,10
9083,0.9116700291633606,33,0.864648699760437,10
9084,0.8606841564178467,34,0.8042531609535217,12
9086,0.8500761985778809,33,0.7877214550971985,14
9088,0.8761396408081055,34,0.7921259999275208,10
9089,0.8554840683937073,33,0.7466293573379517,12
9090,0.8558868765830994,34,0.8188676834106445,11
9091,0.8794466257095337,45,0.761823296546936,10
9092,0.8528603315353394,34,0.7518283128738403,13
9093,0.8837562203407288,33,0.8421232104301453,12
9094,0.7789553999900818,35,0.6800546050071716,10
9095,0.8361721634864807,34,0.8275665044784546,10
9096,0.8686528205871582,34,0.7839367985725403,14
9097,0.8840566277503967,33,0.8401027917861938,22
9098,0.8558868765830994,41,0.8188677430152893,11
9100,0.8373987078666687,32,0.7852922677993774,10
9101,0.8779080510139465,33,0.7928085923194885,11
9102,0.8403351902961731,32,0.7601150274276733,12
9103,0.8260827660560608,33,0.7663315534591675,10
9105,0.8918060660362244,36,0.8192470669746399,9
9106,0.8344117999076843,34,0.744850218296051,16
9107,0.8323627710342407,56,0.7067106366157532,10
9108,0.8960124254226685,33,0.8466174006462097,9
9109,0.87751305103302,32,0.8122603893280029,11
9110,0.7727749943733215,32,0.6604333519935608,13
9112,0.8733116388320923,34,0.8164386749267578,22
9113,0.8509852886199951,40,0.7334063649177551,10
9114,0.891797661781311,33,0.8023337721824646,12
9115,0.9129492044448853,36,0.8460966348648071,13
9116,0.8107645511627197,32,0.679642915725708,10
9117,0.8123989105224609,33,0.7386924624443054,11
9118,0.8917500376701355,33,0.7979337573051453,10
9119,0.8836754560470581,33,0.8460257053375244,12
9120,0.8142746686935425,46,0.7174396514892578,21
9121,0.8502678871154785,34,0.7304793000221252,13
9123,0.8974056839942932,34,0.8548125624656677,12
9125,0.8375394344329834,33,0.724693238735199,15
9127,0.8190957903862,33,0.7758631706237793,17
9128,0.8290201425552368,33,0.7440863847732544,11
9130,0.8348487615585327,33,0.7216503620147705,10
9131,0.8648762702941895,33,0.782105565071106,11
9132,0.8580095767974854,33,0.8154087662696838,10
9133,0.872361421585083,34,0.7785114049911499,10
9134,0.87640780210495,34,0.7813887000083923,13
9135,0.8915280103683472,34,0.80363529920578,13
9137,0.8895388841629028,34,0.813896656036377,10
9138,0.8335668444633484,33,0.7559138536453247,10
9139,0.8785005211830139,33,0.7866178750991821,11
9140,0.8908604383468628,56,0.7871484756469727,15
9141,0.8718593716621399,59,0.8021954298019409,10
9142,0.8939831852912903,92,0.8392464518547058,29
9143,0.8678355813026428,33,0.8124465942382812,10
9145,0.8824148774147034,45,0.8190145492553711,10
9147,0.8400047421455383,32,0.7262886762619019,13
9150,0.894170343875885,34,0.841543972492218,12
9151,0.8544997572898865,31,0.7818393707275391,14
9152,0.8429458737373352,33,0.7470645904541016,10
9153,0.8568621873855591,34,0.8079928159713745,17
9155,0.8973539471626282,47,0.866693377494812,10
9157,0.844840407371521,34,0.7225820422172546,12
9158,0.8900704979896545,34,0.8144393563270569,15
9159,0.836368978023529,33,0.7644285559654236,18
9160,0.882621705532074,32,0.8340230584144592,9
9162,0.7519174218177795,34,0.6444265246391296,13
9163,0.9030309915542603,38,0.825520932674408,12
9165,0.8785005211830139,34,0.7866178750991821,11
9166,0.9063482284545898,37,0.8140289187431335,12
9167,0.8747076392173767,80,0.7711144089698792,20
9168,0.8518760204315186,34,0.8167781233787537,10
9169,0.8936774730682373,34,0.8193670511245728,11
9170,0.8799896836280823,33,0.8157891631126404,12
9171,0.8204809427261353,34,0.724362313747406,10
9172,0.8891485333442688,31,0.7751821875572205,12
9174,0.8196304440498352,34,0.7374187111854553,10
9175,0.8726832270622253,33,0.7940324544906616,10
9176,0.8278518319129944,33,0.7510837316513062,13
9177,0.8920333981513977,33,0.8191945552825928,10
9179,0.8845322728157043,34,0.85005784034729,19
9180,0.7901259660720825,34,0.6730372309684753,18
9181,0.8494555354118347,34,0.6971805691719055,15
9183,0.8597840070724487,33,0.7077322006225586,13
9184,0.8250222206115723,31,0.743976891040802,9
9185,0.8285682201385498,34,0.7578482031822205,11
9186,0.8069117665290833,44,0.688068687915802,11
9187,0.8408114910125732,37,0.7730859518051147,26
9188,0.8469631671905518,34,0.7490086555480957,10
9190,0.8788205981254578,33,0.7922594547271729,10
9191,0.89399653673172,31,0.8206265568733215,13
9192,0.8796614408493042,34,0.8203606009483337,11
9193,0.8844892382621765,36,0.813586950302124,18
9194,0.8815515041351318,41,0.7928616404533386,11
9197,0.87921142578125,33,0.8225241303443909,12
9198,0.8726784586906433,34,0.6679719686508179,13
9202,0.8191961050033569,33,0.731281578540802,13
9203,0.7947789430618286,33,0.7180882096290588,13
9204,0.7744365930557251,34,0.6099253296852112,15
9205,0.8224872350692749,35,0.7526020407676697,14
9206,0.9118376970291138,33,0.8625275492668152,13
9207,0.813931941986084,33,0.6918178200721741,12
9208,0.8618787527084351,34,0.7466873526573181,12
9209,0.913250744342804,33,0.8639833331108093,12
9210,0.8553391695022583,37,0.7487181425094604,10
9211,0.7941091656684875,33,0.6737737059593201,12
9212,0.845930814743042,44,0.7433511018753052,13
9213,0.7691859602928162,68,0.6324746012687683,22
9214,0.899449348449707,33,0.8526754975318909,10
9215,0.8999902009963989,32,0.8512697815895081,13
9216,0.8590782880783081,32,0.7634400725364685,14
9217,0.8633478283882141,35,0.8098734021186829,21
9218,0.8574984669685364,33,0.7390400767326355,13
9219,0.8399130702018738,33,0.7338444590568542,21
9220,0.7823657989501953,33,0.6631252765655518,11
9221,0.8901590704917908,34,0.8475657105445862,12
9222,0.8102432489395142,43,0.7533381581306458,16
9223,0.8459810614585876,33,0.7474735379219055,12
9224,0.8763511776924133,34,0.8055390119552612,14
9225,0.9031149744987488,34,0.8401575088500977,13
9226,0.8368015289306641,34,0.7642045617103577,12
9227,0.8697970509529114,37,0.8086917400360107,9
9228,0.8560980558395386,33,0.8017463088035583,10
9229,0.8782246112823486,33,0.7820431590080261,15
9230,0.8734405040740967,33,0.7903993129730225,10
9231,0.8728395700454712,47,0.8038623929023743,10
9232,0.8904238939285278,33,0.7951172590255737,12
9234,0.8705624938011169,48,0.8082606792449951,14
9235,0.8209677934646606,32,0.700438380241394,14
9236,0.8712175488471985,32,0.8148524165153503,20
9239,0.8434875011444092,50,0.8050920367240906,15
9240,0.8703864812850952,53,0.7606005072593689,16
9241,0.8824492692947388,34,0.8183909058570862,10
9242,0.8345097303390503,34,0.7253504395484924,10
9243,0.8392454385757446,34,0.7413296103477478,14
9245,0.8098360300064087,34,0.6586859226226807,12
9246,0.8433797359466553,34,0.7435811758041382,9
9247,0.8753640055656433,52,0.7717344164848328,11
9248,0.8738334774971008,34,0.7917330265045166,13
9249,0.8711891770362854,32,0.7998806238174438,12
9250,0.8925589323043823,31,0.8434287309646606,9
9251,0.8921977877616882,32,0.8252666592597961,17
9252,0.8964025974273682,34,0.862706184387207,10
9253,0.8514170050621033,32,0.7047584056854248,13
9254,0.8655341267585754,34,0.8140369057655334,12
9255,0.8223645687103271,33,0.6472948789596558,11
9256,0.8609303832054138,33,0.7807235717773438,10
9257,0.7935107350349426,41,0.7271612882614136,12
9258,0.8422006368637085,52,0.7725154757499695,13
9259,0.762245774269104,33,0.6437816619873047,15
9260,0.8710018396377563,33,0.7726890444755554,10
9261,0.8640990853309631,33,0.7840824723243713,15
9262,0.8152638077735901,47,0.7486281991004944,16
9263,0.865134060382843,33,0.809818685054779,13
9266,0.8125187754631042,35,0.7471948862075806,11
9268,0.8245224952697754,32,0.6911967992782593,17
9269,0.899030864238739,33,0.8513375520706177,9
9270,0.8529776930809021,33,0.7680919766426086,18
9271,0.8690985441207886,34,0.8083345293998718,14
9273,0.8279852867126465,47,0.7188039422035217,13
9275,0.8551347851753235,34,0.795587956905365,15
9276,0.8293136358261108,33,0.7165467739105225,10
9277,0.8647015690803528,33,0.7872137427330017,9
9278,0.8845885396003723,34,0.8348198533058167,11
9280,0.862095296382904,34,0.7649863958358765,12
9282,0.8315565586090088,35,0.7470687031745911,14
9283,0.8546951413154602,37,0.8138467073440552,13
9284,0.8997326493263245,32,0.8383064270019531,13
9288,0.8705223202705383,34,0.799040675163269,16
9289,0.9024752974510193,34,0.8257186412811279,10
9290,0.7545759081840515,32,0.6404412388801575,12
9291,0.8970588445663452,57,0.8486305475234985,24
9292,0.8389245867729187,34,0.789914608001709,9
9293,0.8925145864486694,34,0.8053196668624878,12
9294,0.8934974670410156,34,0.8346642851829529,10
9295,0.7892612814903259,34,0.6589333415031433,10
9296,0.8495781421661377,32,0.7906487584114075,18
9297,0.8945679664611816,32,0.8421000242233276,18
9298,0.8694584965705872,48,0.8058310747146606,11
9299,0.8779725432395935,35,0.7336422801017761,13
9300,0.8451349139213562,33,0.7028974890708923,12
9301,0.8754211664199829,34,0.8215268850326538,14
9302,0.8230016231536865,34,0.6603924036026001,17
9303,0.8930913805961609,58,0.8274894952774048,16
9304,0.8860220909118652,32,0.8199209570884705,16
9305,0.8391783237457275,34,0.7499732375144958,12
9307,0.8379782438278198,34,0.7543509006500244,14
9309,0.7913262248039246,33,0.7141643762588501,11
9310,0.8781650066375732,38,0.7802521586418152,12
9311,0.8454406261444092,33,0.7839762568473816,12
9312,0.8824148774147034,34,0.8190145492553711,12
9313,0.8822374939918518,34,0.816035807132721,10
9315,0.8941803574562073,32,0.8458549380302429,13
9316,0.8648616671562195,32,0.8040907979011536,15
9317,0.872917890548706,54,0.7936019897460938,16
9318,0.8405354022979736,54,0.8007215261459351,13
9319,0.7926207184791565,34,0.7006371021270752,10
9321,0.777836799621582,32,0.7195437550544739,10
9322,0.8843863606452942,33,0.8057045936584473,10
9323,0.9032946825027466,32,0.8520049452781677,12
9324,0.8375398516654968,42,0.73012775182724,9
9327,0.8998016715049744,48,0.8048969507217407,12
9328,0.8616366386413574,33,0.7557648420333862,11
9329,0.8154724836349487,34,0.7775672078132629,11
9330,0.8952822685241699,33,0.8058173060417175,10
9331,0.7794873714447021,34,0.6239694356918335,11
9333,0.8543211221694946,34,0.7852869629859924,11
9334,0.8796376585960388,82,0.8331714272499084,15
9335,0.841315746307373,33,0.7146889567375183,10
9337,0.8085518479347229,58,0.7208294868469238,11
9339,0.8949018716812134,33,0.8049025535583496,12
9341,0.8805820941925049,38,0.7931854724884033,11
9342,0.8249780535697937,34,0.7149202227592468,21
9343,0.8170576691627502,34,0.7264516949653625,13
9344,0.8142201900482178,34,0.7256727814674377,10
9345,0.7825134992599487,34,0.6806848049163818,15
9347,0.8460063338279724,32,0.7240781784057617,13
9348,0.8690240979194641,34,0.8156337738037109,10
9349,0.78053218126297,35,0.667641818523407,11
9350,0.8511080145835876,33,0.7547724843025208,12
9353,0.7906681299209595,33,0.6644906401634216,12
9354,0.8646153807640076,33,0.8181548714637756,13
9356,0.8474358320236206,33,0.6935974955558777,15
9357,0.874611496925354,34,0.8027395009994507,10
9358,0.8324560523033142,32,0.7221114039421082,10
9359,0.8556247353553772,40,0.7868625521659851,12
9360,0.8962978720664978,33,0.8661283254623413,11
9361,0.843492865562439,55,0.753227174282074,20
9362,0.8705348372459412,35,0.7812082767486572,10
9365,0.8521316647529602,60,0.7663114070892334,15
9366,0.8973539471626282,33,0.866693377494812,10
9367,0.8970491290092468,45,0.8149204850196838,11
9368,0.8268318772315979,31,0.6973356604576111,15
9369,0.858293354511261,45,0.7928752899169922,16
9370,0.8532532453536987,34,0.8007044196128845,14
9371,0.865772545337677,44,0.7960270643234253,9
9372,0.852060079574585,33,0.7721969485282898,10
9373,0.8057982325553894,35,0.7001544833183289,9
9374,0.8733436465263367,32,0.8300241231918335,14
9375,0.8537555932998657,32,0.7296638488769531,9
9376,0.9021297097206116,34,0.8610337972640991,14
9377,0.8783237934112549,34,0.7753958702087402,15
9379,0.8706827759742737,34,0.7944066524505615,11
9380,0.8395784497261047,43,0.7417677044868469,10
9381,0.858489990234375,33,0.7351284623146057,11
9382,0.810163676738739,47,0.7271701693534851,10
9385,0.8734490275382996,33,0.8164331912994385,13
9386,0.9135202765464783,33,0.8497766852378845,11
9387,0.8402098417282104,33,0.8012711405754089,10
9388,0.7436961531639099,33,0.6299827694892883,14
9389,0.8824594020843506,33,0.8275570869445801,20
9390,0.8682348132133484,34,0.7475595474243164,11
9391,0.8766485452651978,33,0.8297934532165527,10
9392,0.8523751497268677,33,0.715021014213562,10
9393,0.8808289766311646,32,0.7869234085083008,10
9394,0.9081936478614807,32,0.8417347073554993,12
9395,0.8930913805961609,33,0.8274894952774048,10
9396,0.8811768293380737,34,0.8166794776916504,10
9397,0.8552815318107605,32,0.7606340050697327,19
9398,0.8738076090812683,55,0.8280175924301147,11
9399,0.878055989742279,41,0.792905330657959,15
9400,0.8656678199768066,47,0.7262372374534607,10
9402,0.7853928208351135,33,0.7464441061019897,15
9403,0.8160408735275269,33,0.7497624754905701,12
9404,0.8781280517578125,33,0.8396640419960022,10
9405,0.8861697912216187,32,0.8315389156341553,12
9406,0.8255146741867065,32,0.7528777718544006,10
9407,0.8695061802864075,46,0.8090917468070984,13
9408,0.9103949069976807,33,0.8893277645111084,10
9409,0.8673223257064819,32,0.7758244872093201,14
9412,0.848839521408081,74,0.7244305610656738,20
9414,0.8880341053009033,33,0.8112538456916809,9
9415,0.8701309561729431,58,0.7490094900131226,24
9416,0.8483739495277405,33,0.7406283020973206,11
9417,0.8276151418685913,33,0.6990856528282166,12
9419,0.8875643014907837,33,0.831320583820343,18
9420,0.8684046268463135,33,0.809715986251831,17
9421,0.8785005211830139,33,0.7866178750991821,11
9422,0.8341866731643677,33,0.7412646412849426,10
9423,0.8042075037956238,41,0.6947523951530457,15
9424,0.8912500143051147,41,0.8419780731201172,10
9425,0.8575972318649292,42,0.7946293354034424,14
9426,0.8707188963890076,60,0.7708212733268738,19
9427,0.8916214108467102,32,0.8413039445877075,11
9428,0.7909665107727051,35,0.6837546229362488,14
9430,0.8832036256790161,34,0.7676420211791992,12
9431,0.8914158344268799,34,0.8174343705177307,10
9432,0.8423247933387756,34,0.7666204571723938,15
9433,0.8953729867935181,33,0.8666880130767822,15
9434,0.8443202376365662,33,0.7765466570854187,15
9435,0.884143054485321,32,0.8055548071861267,12
9437,0.8648145794868469,34,0.7763689756393433,10
9438,0.8883697986602783,32,0.8087919354438782,9
9439,0.8847387433052063,33,0.8231233954429626,11
9440,0.8702473044395447,64,0.830761730670929,17
9441,0.9034339189529419,34,0.8199204802513123,9
9443,0.8710494637489319,32,0.8100771307945251,12
9445,0.8916501402854919,33,0.8260789513587952,15
9446,0.8933593034744263,54,0.8266382217407227,13
9448,0.8424893021583557,43,0.7703162431716919,16
9449,0.8409340381622314,38,0.7708955407142639,11
9450,0.8500266671180725,33,0.8032895922660828,13
9451,0.8692032694816589,30,0.7702357172966003,10
9452,0.8677114844322205,33,0.814411461353302,11
9453,0.8665193915367126,34,0.8074266910552979,18
9454,0.8345840573310852,31,0.7431469559669495,12
9455,0.9046532511711121,39,0.8561741709709167,13
9456,0.8447255492210388,37,0.8024904131889343,11
9457,0.861555278301239,37,0.7792749404907227,11
9460,0.8307256102561951,33,0.8165644407272339,9
9461,0.8937609791755676,33,0.8314151167869568,10
9462,0.8858683109283447,44,0.8116400241851807,15
9463,0.8867026567459106,34,0.8156775832176208,13
9464,0.8870156407356262,33,0.8343498110771179,16
9465,0.8702419996261597,36,0.8151781558990479,15
9466,0.8703621625900269,33,0.7752906680107117,13
9468,0.8675523400306702,33,0.7867825031280518,10
9469,0.8695958852767944,34,0.788906991481781,10
9470,0.7976216673851013,32,0.7088151574134827,13
9472,0.8558416366577148,34,0.7966646552085876,10
9473,0.8391883969306946,33,0.7988666296005249,11
9474,0.8521422147750854,36,0.7457481622695923,15
9475,0.8383997082710266,33,0.755449652671814,11
9476,0.8406911492347717,34,0.7525503635406494,13
9477,0.8670709729194641,33,0.8301844000816345,12
9478,0.8952804803848267,33,0.7998579144477844,11
9479,0.9152370691299438,33,0.8687413334846497,29
9480,0.8753402829170227,34,0.8429355621337891,18
9481,0.881220281124115,34,0.8249485492706299,9
9483,0.8674086928367615,32,0.7985782027244568,11
9484,0.8309689164161682,33,0.7566596865653992,10
9485,0.8688932061195374,34,0.751964271068573,10
9486,0.9039193987846375,36,0.8563691973686218,16
9487,0.8419575095176697,33,0.7105899453163147,12
9488,0.8557552695274353,34,0.8489240407943726,11
9490,0.9048572778701782,32,0.8127833604812622,10
9492,0.8204505443572998,55,0.6830680966377258,20
9493,0.9093581438064575,34,0.8363948464393616,24
9495,0.8364982008934021,33,0.7572727799415588,14
9496,0.8633159399032593,34,0.7778996825218201,11
9497,0.9002896547317505,67,0.8454942107200623,14
9499,0.8886375427246094,40,0.826411247253418,10
9500,0.8858277201652527,33,0.8209331631660461,15
9501,0.8826972842216492,33,0.7998018264770508,12
9502,0.8398136496543884,32,0.7961891889572144,10
9503,0.884463369846344,32,0.7810039520263672,12
9504,0.8408581614494324,34,0.7756108045578003,12
9505,0.9195617437362671,32,0.8691987991333008,11
9506,0.8859724998474121,41,0.835567057132721,10
9507,0.9050394296646118,34,0.8452968001365662,10
9508,0.899929404258728,34,0.8594722151756287,9
9509,0.8642870187759399,33,0.8106529116630554,16
9510,0.885644257068634,54,0.8091543912887573,15
9511,0.8624069094657898,33,0.7402894496917725,15
9512,0.8811618685722351,33,0.7729475498199463,11
9513,0.8459116220474243,33,0.7201224565505981,37
9515,0.850917637348175,32,0.7507214546203613,10
9516,0.8984614014625549,33,0.8314388990402222,23
9517,0.8812804222106934,35,0.8341468572616577,12
9518,0.8279185891151428,41,0.7751904726028442,9
9519,0.8469631671905518,33,0.7490085959434509,10
9521,0.8811476230621338,34,0.7883923649787903,10
9522,0.8905811905860901,34,0.8490861058235168,11
9523,0.8926792740821838,33,0.8048766255378723,15
9524,0.8343964219093323,33,0.69347083568573,17
9525,0.8537920713424683,33,0.7000491619110107,10
9526,0.8742645978927612,45,0.7829685807228088,13
9527,0.8852462768554688,34,0.8054541945457458,16
9528,0.8620783090591431,34,0.7979732155799866,10
9529,0.8347346186637878,39,0.7457234263420105,10
9530,0.9116700291633606,34,0.864648699760437,10
9531,0.8970483541488647,32,0.8393733501434326,11
9532,0.8602640628814697,34,0.773662269115448,10
9533,0.8523751497268677,33,0.715021014213562,13
9534,0.8588787913322449,40,0.8039671778678894,12
9535,0.8482732176780701,33,0.7583433985710144,17
9536,0.8398634195327759,33,0.7544631958007812,10
9537,0.8764109015464783,33,0.7986645102500916,15
9538,0.8577499985694885,33,0.7841633558273315,13
9541,0.8585395812988281,33,0.7903982400894165,11
9542,0.839072585105896,44,0.7095077633857727,12
9543,0.8879124522209167,34,0.8370223045349121,11
9544,0.8518096804618835,33,0.7583209276199341,16
9545,0.8936774730682373,75,0.8193670511245728,16
9546,0.8229520916938782,33,0.6755252480506897,14
9547,0.8420341610908508,34,0.773719072341919,10
9548,0.83356112241745,34,0.7702589631080627,20
9549,0.886324942111969,45,0.8356630802154541,20
9550,0.82868891954422,41,0.7300393581390381,9
9551,0.8269052505493164,33,0.7287901043891907,15
9552,0.8878125548362732,42,0.8044746518135071,11
9553,0.88074791431427,34,0.8265345096588135,11
9554,0.8276151418685913,65,0.6990856528282166,22
9555,0.8396108150482178,34,0.7769473195075989,10
9556,0.9065020680427551,49,0.8486084342002869,12
9557,0.877662718296051,34,0.7916562557220459,9
9558,0.7993675470352173,33,0.6952106356620789,11
9559,0.8734191060066223,33,0.8298466205596924,13
9560,0.8532559275627136,32,0.752641499042511,12
9561,0.8873806595802307,33,0.7875495553016663,12
9562,0.8832302093505859,32,0.8276477456092834,10
9564,0.8827597498893738,33,0.8290041089057922,15
9565,0.880354106426239,39,0.7436060309410095,10
9566,0.8785005211830139,33,0.7866178750991821,16
9567,0.8593007326126099,32,0.7562068104743958,10
9568,0.8886899948120117,37,0.8357321619987488,10
9571,0.8624016046524048,49,0.7438232898712158,10
9572,0.8487520813941956,36,0.7681918144226074,20
9573,0.8920333981513977,32,0.8191945552825928,15
9574,0.8665310144424438,34,0.7902690768241882,10
9575,0.8727067112922668,33,0.8230838179588318,12
9576,0.8627986907958984,32,0.7525798082351685,15
9577,0.8726107478141785,33,0.7799205780029297,9
9582,0.8395976424217224,33,0.7565920948982239,10
9583,0.8374210000038147,77,0.733496904373169,32
9584,0.8055695295333862,32,0.7324207425117493,10
9585,0.8623247146606445,34,0.7790244221687317,12
9586,0.8476784229278564,33,0.7737323641777039,18
9587,0.8397345542907715,33,0.7686037421226501,10
9588,0.868661105632782,30,0.8260253667831421,10
9589,0.8215546011924744,36,0.7152317762374878,15
9590,0.88902747631073,33,0.8299754858016968,14
9591,0.8783301711082458,33,0.7767731547355652,14
9592,0.8785005211830139,34,0.7866178750991821,32
9593,0.8151882886886597,34,0.7097869515419006,12
9595,0.8373268842697144,34,0.7523822784423828,11
9596,0.8184844851493835,34,0.7225533723831177,12
9598,0.7901860475540161,34,0.7169502973556519,11
9599,0.8400911688804626,34,0.7628614902496338,10
9600,0.8372655510902405,33,0.7705016136169434,10
9601,0.8369281888008118,34,0.7283966541290283,10
9602,0.8751596212387085,32,0.8171465992927551,13
9604,0.8640990853309631,34,0.7840824723243713,10
9605,0.8449053168296814,84,0.7690737843513489,32
9606,0.8896105885505676,33,0.8134426474571228,15
9607,0.8877923488616943,32,0.8019898533821106,16
9608,0.8706276416778564,34,0.7764987945556641,11
9609,0.8351170420646667,33,0.7637953162193298,16
9610,0.8524717092514038,33,0.797019898891449,10
9611,0.8947831392288208,49,0.8522409796714783,15
9612,0.8960844874382019,32,0.8648721575737,16
9613,0.8290730118751526,33,0.7419561147689819,12
9614,0.8752042055130005,34,0.842211127281189,9
9615,0.8555512428283691,33,0.7319415211677551,12
9618,0.8729586601257324,33,0.8303541541099548,12
9619,0.869611382484436,34,0.8141531348228455,12
9620,0.8274680376052856,35,0.7723339796066284,15
9621,0.8222780823707581,40,0.75052809715271,10
9623,0.8884246945381165,52,0.811698853969574,16
9624,0.862101674079895,32,0.7776828408241272,11
9625,0.8829289078712463,32,0.8343442678451538,12
9627,0.9127413630485535,52,0.8479846715927124,25
9628,0.8201454877853394,33,0.7363016605377197,12
9630,0.8620496988296509,33,0.789106547832489,12
9631,0.8100528120994568,32,0.6948228478431702,11
9632,0.8363127112388611,34,0.7423197031021118,11
9633,0.8659854531288147,32,0.796809196472168,12
9634,0.8214775323867798,33,0.7171221375465393,13
9635,0.8581240773200989,36,0.7916076183319092,15
9636,0.849359393119812,32,0.7639182806015015,13
9637,0.8875716328620911,34,0.838904857635498,15
9638,0.8432641625404358,32,0.7415844798088074,12
9639,0.8621594309806824,51,0.7947192788124084,12
9640,0.8603658080101013,32,0.7766784429550171,15
9641,0.8545424342155457,34,0.779746949672699,10
9642,0.8457227349281311,33,0.7410939931869507,16
9643,0.8639614582061768,35,0.7873610854148865,10
9645,0.8177975416183472,34,0.7558602690696716,12
9646,0.874801754951477,33,0.7752735018730164,19
9647,0.8752730488777161,99,0.8087781071662903,20
9648,0.8538028001785278,34,0.7557628750801086,14
9649,0.8392454385757446,55,0.7413296103477478,13
9650,0.8581530451774597,34,0.7621206641197205,12
9651,0.8017150163650513,33,0.7358835935592651,14
9652,0.8846343755722046,33,0.8213422894477844,15
9653,0.8145579695701599,33,0.7116302847862244,11
9654,0.8432585597038269,33,0.7527309656143188,12
9655,0.8649398684501648,34,0.7688707113265991,16
9656,0.847618818283081,46,0.7475530505180359,10
9657,0.8784953355789185,33,0.7898810505867004,10
9658,0.8705005049705505,38,0.7936416268348694,10
9659,0.7614362835884094,41,0.6887145042419434,14
9660,0.9116700291633606,69,0.864648699760437,28
9661,0.8949509859085083,33,0.8458741903305054,16
9662,0.8236043453216553,33,0.7694270014762878,10
9663,0.8528825044631958,34,0.7745550870895386,16
9665,0.8916305303573608,33,0.8471003770828247,11
9667,0.8566237688064575,33,0.7786581516265869,12
9668,0.8976302742958069,34,0.8459479212760925,9
9670,0.8239727020263672,33,0.7438390851020813,10
9671,0.8172388672828674,41,0.685140073299408,9
9672,0.8540674448013306,62,0.8033708333969116,16
9673,0.8627778887748718,33,0.8116987347602844,10
9674,0.8972238898277283,33,0.8074270486831665,17
9675,0.8691756725311279,33,0.708977460861206,10
9676,0.8798682689666748,34,0.7835355997085571,10
9677,0.878777801990509,33,0.7626315355300903,14
9679,0.887198269367218,33,0.8000675439834595,12
9680,0.8448547124862671,59,0.767643928527832,19
9681,0.8526349663734436,37,0.760380744934082,13
9683,0.8713098764419556,33,0.808447003364563,13
9684,0.8548905253410339,50,0.8237219452857971,10
9685,0.829200267791748,33,0.7699527740478516,13
9686,0.881434440612793,33,0.8403793573379517,27
9687,0.8988645076751709,31,0.8183144927024841,11
9688,0.824906587600708,90,0.755379319190979,10
9689,0.8480523228645325,45,0.7850355505943298,11
9690,0.8592168688774109,34,0.790173351764679,13
9691,0.8838289380073547,32,0.8519814610481262,15
9692,0.8681021928787231,33,0.793030321598053,11
9693,0.8601809144020081,33,0.8151170015335083,14
9694,0.8597620725631714,40,0.7994613647460938,9
9695,0.840744137763977,34,0.7492579221725464,10
9698,0.8830069899559021,32,0.8232980966567993,14
9699,0.8242912888526917,39,0.7206583023071289,12
9701,0.8577499985694885,34,0.7841633558273315,18
9702,0.8841545581817627,33,0.8161246180534363,11
9703,0.8821019530296326,33,0.8150492310523987,14
9704,0.8926576375961304,32,0.8267934322357178,11
9705,0.7977561950683594,33,0.7243382930755615,10
9706,0.8742839694023132,34,0.8204236030578613,14
9707,0.911033034324646,31,0.8485284447669983,10
9708,0.8951072692871094,34,0.8514483571052551,11
9709,0.8780320882797241,33,0.8303531408309937,11
9710,0.8635118007659912,60,0.7881893515586853,13
9711,0.8830456733703613,32,0.8502744436264038,12
9712,0.8410406708717346,34,0.7810830473899841,13
9714,0.8792762756347656,38,0.7929586172103882,11
9715,0.806675136089325,33,0.663808286190033,10
9716,0.8275963068008423,32,0.7176898121833801,13
9717,0.8016143441200256,34,0.7007924318313599,16
9718,0.8367557525634766,34,0.7701811194419861,12
9719,0.8445135354995728,33,0.7882460951805115,10
9720,0.8920475244522095,50,0.8424716591835022,14
9723,0.8234269022941589,46,0.721747636795044,10
9725,0.8896179795265198,34,0.8443467617034912,18
9729,0.836284875869751,33,0.7231060266494751,11
9730,0.8281792998313904,34,0.7604088187217712,11
9731,0.8258323073387146,33,0.7415075898170471,11
9732,0.8888922929763794,33,0.8266929388046265,12
9733,0.8901491761207581,34,0.8419547080993652,11
9736,0.8871103525161743,38,0.8172330260276794,10
9737,0.8907386660575867,32,0.8486388325691223,13
9738,0.9073980450630188,31,0.8471378684043884,16
9739,0.8761286735534668,34,0.8210856318473816,10
9740,0.7820039391517639,34,0.6310569047927856,10
9741,0.9193931818008423,34,0.8844917416572571,14
9742,0.835426390171051,35,0.7231360673904419,9
9743,0.8185200691223145,33,0.7569229602813721,16
9744,0.848547637462616,36,0.7376986145973206,9
9745,0.880618691444397,33,0.8305624127388,11
9746,0.8710986971855164,34,0.8207220435142517,10
9747,0.8847342729568481,48,0.8016737699508667,14
9748,0.8528922200202942,34,0.7125152349472046,10
9749,0.9019251465797424,34,0.8429540395736694,25
9751,0.8550630211830139,33,0.7811481952667236,15
9752,0.8469705581665039,33,0.7732892632484436,20
9753,0.8851993083953857,33,0.8258698582649231,12
9754,0.8608273267745972,42,0.7232533693313599,10
9755,0.9123746752738953,32,0.8533954620361328,13
9756,0.82882159948349,46,0.8397685289382935,14
9757,0.8278374671936035,33,0.7149006128311157,14
9758,0.8745187520980835,33,0.805738091468811,15
9760,0.8734642267227173,34,0.7954546213150024,10
9762,0.8653655648231506,34,0.7703875303268433,12
9764,0.8642176389694214,38,0.8000545501708984,10
9765,0.8834717869758606,33,0.844563364982605,12
9766,0.8505957126617432,33,0.7257190346717834,11
9767,0.7965801358222961,35,0.6571465730667114,10
9768,0.7988306879997253,33,0.7139965295791626,10
9769,0.8916914463043213,34,0.8587544560432434,13
9771,0.8299537897109985,34,0.7144299745559692,12
9772,0.9018693566322327,33,0.8474797606468201,15
9773,0.8970491290092468,33,0.8149204850196838,14
9776,0.8787673115730286,51,0.8046645522117615,9
9778,0.8566967248916626,33,0.7516430020332336,10
9779,0.8691797852516174,32,0.8037275671958923,11
9780,0.8807797431945801,55,0.8147523403167725,15
9781,0.8202691674232483,34,0.7184582352638245,11
9782,0.8418118357658386,33,0.8102609515190125,27
9783,0.8834803700447083,33,0.7902024984359741,12
9785,0.846957802772522,33,0.7649688720703125,13
9786,0.8535493016242981,34,0.7810431718826294,11
9787,0.9013996124267578,33,0.8574102520942688,13
9788,0.8281015157699585,32,0.6869444251060486,16
9789,0.8727894425392151,33,0.811877965927124,14
9790,0.863811194896698,33,0.773460328578949,10
9792,0.9150276184082031,34,0.8500618934631348,13
9793,0.8561887145042419,33,0.7956304550170898,25
9795,0.8643079400062561,34,0.8104768395423889,12
9796,0.8401672840118408,32,0.7224945425987244,12
9797,0.8732766509056091,35,0.7852671146392822,16
9799,0.8593343496322632,35,0.8222972750663757,15
9801,0.8923962712287903,34,0.8291468620300293,12
9802,0.8726664185523987,38,0.7320649027824402,9
9803,0.9000744819641113,58,0.8638742566108704,10
9805,0.866474449634552,33,0.7428727149963379,11
9806,0.8811973333358765,37,0.8160569071769714,13
9807,0.7901254892349243,32,0.6591596603393555,10
9808,0.8445020914077759,33,0.7743547558784485,16
9809,0.8632675409317017,32,0.7812798619270325,10
9810,0.8501957654953003,33,0.7477097511291504,15
9812,0.8608781099319458,35,0.7986626029014587,10
9813,0.8601689338684082,35,0.7685019373893738,19
9815,0.8654381632804871,34,0.7613794207572937,11
9816,0.8422103524208069,33,0.7392536997795105,10
9819,0.8193297982215881,35,0.6919439435005188,13
9820,0.8464890122413635,33,0.7088673710823059,13
9821,0.8640876412391663,34,0.7947177886962891,19
9822,0.826625406742096,33,0.7211819291114807,10
9823,0.8712623715400696,33,0.8107452988624573,13
9824,0.8711242079734802,34,0.7601775527000427,10
9825,0.8382177352905273,33,0.701080322265625,10
9826,0.8604223728179932,34,0.775360107421875,16
9827,0.8905811905860901,32,0.8490861058235168,11
9828,0.8385242819786072,33,0.7580547332763672,19
9829,0.7976849675178528,34,0.7088068127632141,9
9831,0.8177810311317444,46,0.7012548446655273,14
9832,0.8922431468963623,34,0.823650062084198,13
9833,0.8147455453872681,33,0.6665167212486267,9
9834,0.8483158946037292,35,0.8100996613502502,13
9835,0.8886899948120117,33,0.8357321619987488,11
9838,0.7949732542037964,34,0.6614980697631836,11
9839,0.8821396231651306,31,0.8033908605575562,14
9840,0.8170523047447205,32,0.741121232509613,12
9842,0.8381909728050232,33,0.7458037734031677,20
9843,0.8568422198295593,32,0.795412003993988,11
9844,0.7956599593162537,33,0.6380747556686401,18
9845,0.8680844902992249,59,0.8191627264022827,14
9846,0.9067891836166382,33,0.8303813338279724,13
9847,0.8342428207397461,32,0.7427763342857361,13
9848,0.8505262136459351,34,0.7291826605796814,13
9849,0.8282305598258972,33,0.7019953727722168,10
9850,0.8429907560348511,33,0.7209418416023254,15
9851,0.7987509369850159,34,0.7168630361557007,10
9852,0.9050312638282776,55,0.861361026763916,13
9853,0.816491961479187,34,0.6777524352073669,10
9854,0.8209562301635742,33,0.7390193343162537,13
9855,0.9118283987045288,32,0.8754068613052368,20
9856,0.8132983446121216,32,0.6957647800445557,11
9857,0.8607195615768433,33,0.7376933693885803,12
9858,0.8922431468963623,33,0.823650062084198,11
9859,0.8809656500816345,33,0.7811205387115479,13
9860,0.786514163017273,32,0.6477727293968201,25
9861,0.817362368106842,39,0.6217188835144043,9
9862,0.8868465423583984,34,0.8570104837417603,10
9864,0.8392454385757446,33,0.7413296103477478,15
9870,0.8879096508026123,31,0.8258570432662964,10
9871,0.7714030146598816,33,0.6467376947402954,17
9872,0.8494203090667725,32,0.7833917737007141,10
9873,0.8495801091194153,33,0.7286422848701477,18
9874,0.9002687335014343,33,0.8273875713348389,10
9875,0.8447783589363098,36,0.712701141834259,12
9876,0.8602995276451111,34,0.7739526629447937,15
9877,0.8711820244789124,32,0.8004169464111328,13
9878,0.8993061184883118,36,0.8152660131454468,9
9879,0.8843615651130676,37,0.8201189637184143,12
9881,0.8837343454360962,37,0.8292388319969177,13
9883,0.8278861045837402,33,0.738611102104187,11
9884,0.8618513941764832,33,0.7876191139221191,12
9885,0.8676853179931641,34,0.820271909236908,13
9888,0.8547557592391968,33,0.795354962348938,15
9889,0.88910973072052,35,0.8283109068870544,11
9890,0.8794233202934265,33,0.8290678262710571,10
9891,0.8266433477401733,33,0.6793829798698425,10
9892,0.8508897423744202,33,0.8013201355934143,10
9893,0.8685634732246399,44,0.8014434576034546,12
9894,0.9126970767974854,33,0.8586360216140747,15
9895,0.8132995963096619,34,0.7018253803253174,14
9896,0.8354959487915039,34,0.7598603963851929,10
9897,0.8629055023193359,37,0.8037182092666626,13
9898,0.8719192743301392,34,0.7856632471084595,26
9900,0.8448247313499451,71,0.746587872505188,15
9901,0.8962978720664978,33,0.8661283254623413,10
9903,0.8618576526641846,34,0.7634589076042175,12
9904,0.8534056544303894,52,0.7597948908805847,10
9905,0.8969812393188477,33,0.8749393820762634,13
9906,0.8564735651016235,34,0.8102914094924927,10
9907,0.7829080820083618,34,0.6808723211288452,14
9908,0.8607966303825378,34,0.7554702162742615,17
9909,0.8468600511550903,33,0.765684187412262,10
9913,0.8849114775657654,34,0.810912549495697,13
9914,0.8394361734390259,33,0.7633971571922302,11
9915,0.8988645076751709,38,0.8183144927024841,10
9917,0.8290730118751526,33,0.7419561147689819,14
9918,0.865983784198761,32,0.7679965496063232,13
9920,0.877845823764801,43,0.8240146040916443,14
9923,0.8642542958259583,34,0.7582195997238159,12
9925,0.826431930065155,32,0.6774634122848511,11
9926,0.855660080909729,62,0.7232439517974854,15
9927,0.8864291310310364,31,0.8065568208694458,13
9928,0.8796021938323975,32,0.767250657081604,16
9929,0.7666894197463989,34,0.6071379780769348,18
9930,0.851643979549408,60,0.8223598003387451,15
9931,0.8914613723754883,42,0.8447368741035461,12
9932,0.8988776206970215,33,0.8438168168067932,17
9935,0.8617591261863708,34,0.761003851890564,11
9936,0.8911097645759583,31,0.8338921666145325,11
9938,0.8543936610221863,33,0.7675907611846924,10
9939,0.8723105788230896,32,0.7891592383384705,11
9940,0.8716483116149902,57,0.8293605446815491,15
9942,0.795630156993866,30,0.7428057789802551,10
9943,0.8907543420791626,32,0.8144038319587708,14
9944,0.8714577555656433,33,0.7973563075065613,11
9945,0.8729401230812073,34,0.8102918267250061,13
9946,0.8251843452453613,33,0.772716760635376,16
9948,0.8248143792152405,32,0.7474909424781799,11
9949,0.8746399879455566,32,0.803758442401886,10
9950,0.7973372340202332,33,0.664935290813446,9
9951,0.8491921424865723,32,0.7843276262283325,12
9952,0.8825511336326599,33,0.832093358039856,9
9954,0.8483927249908447,34,0.7729476094245911,11
9956,0.7792073488235474,32,0.6683303117752075,9
9957,0.8309109807014465,30,0.7064231038093567,15
9958,0.8686341047286987,33,0.811725378036499,10
9959,0.8904027342796326,34,0.8153477311134338,9
9960,0.8317475318908691,31,0.7543822526931763,10
9961,0.8319199085235596,33,0.7263045310974121,12
9963,0.8929892778396606,31,0.83357834815979,10
9964,0.8273134827613831,34,0.7729040384292603,17
9965,0.8936774730682373,32,0.8193670511245728,10
9966,0.8492080569267273,32,0.7637777924537659,13
9967,0.8788205981254578,33,0.7922594547271729,12
9968,0.8923376202583313,34,0.8368726968765259,22
9969,0.8757600784301758,32,0.8395925164222717,11
9970,0.8938135504722595,34,0.8307633399963379,9
9971,0.9125773310661316,33,0.8597560524940491,12
9972,0.8867208361625671,33,0.814415454864502,10
9974,0.7894569635391235,33,0.6466772556304932,11
9975,0.8540364503860474,34,0.7520710229873657,22
9976,0.8477374315261841,33,0.7490031719207764,16
9977,0.8993942737579346,36,0.8308576345443726,15
9980,0.8170579075813293,33,0.714451253414154,15
9981,0.8664331436157227,32,0.8104313611984253,14
9982,0.8760621547698975,32,0.8012632727622986,10
9983,0.8608804941177368,34,0.7985814213752747,11
9984,0.8665265440940857,34,0.8082824945449829,11
9985,0.8452492952346802,34,0.8146017789840698,28
9986,0.8662017583847046,33,0.7763133645057678,17
9987,0.8973900079727173,34,0.8437821865081787,12
9988,0.8044809103012085,32,0.7015935778617859,11
9989,0.8607609868049622,34,0.7810070514678955,14
9990,0.8870277404785156,34,0.7917144894599915,24
9991,0.8308848142623901,33,0.7358246445655823,10
9992,0.8267688155174255,33,0.6854854822158813,11
9993,0.8757215142250061,33,0.8160445094108582,10
9994,0.8386855125427246,50,0.7285559773445129,10
9995,0.8414698839187622,47,0.7348825335502625,9
9996,0.8642026782035828,39,0.8366674780845642,12
9997,0.8373299241065979,35,0.7726104855537415,9
9998,0.8593692779541016,33,0.7776615023612976,10
9999,0.8645265102386475,32,0.7923766374588013,12
10000,0.8553826808929443,33,0.7660710215568542,13
10001,0.8792539238929749,33,0.8093844056129456,11
10002,0.8197755217552185,59,0.7448848485946655,24
10003,0.8562287092208862,34,0.757723867893219,11
10004,0.911626935005188,34,0.8528010249137878,17
10005,0.9008331894874573,34,0.8632605075836182,9
10006,0.8677024245262146,34,0.7824201583862305,12
10007,0.9048846364021301,34,0.8180858492851257,12
10008,0.87205570936203,33,0.7886647582054138,10
